2026-06-13 16:48:11.552 [main] INFO  c.flowcontrol.FlowControlApplication - Starting FlowControlApplication using Java 1.8.0_301 on DESKTOP-GBTKBI2 with PID 29564 (C:\Users\张霄\WorkBuddy\20260409124147\backend\backend\target\classes started by 张霄 in C:\Users\张霄\WorkBuddy\20260409124147\backend\backend)
2026-06-13 16:48:11.557 [main] DEBUG c.flowcontrol.FlowControlApplication - Running with Spring Boot v2.7.18, Spring v5.3.31
2026-06-13 16:48:11.558 [main] INFO  c.flowcontrol.FlowControlApplication - No active profile set, falling back to 1 default profile: "default"
2026-06-13 16:48:12.782 [main] INFO  o.s.d.r.c.RepositoryConfigurationDelegate - Multiple Spring Data modules found, entering strict repository configuration mode
2026-06-13 16:48:12.783 [main] INFO  o.s.d.r.c.RepositoryConfigurationDelegate - Bootstrapping Spring Data JPA repositories in DEFAULT mode.
2026-06-13 16:48:12.895 [main] INFO  o.s.d.r.c.RepositoryConfigurationDelegate - Finished Spring Data repository scanning in 103 ms. Found 7 JPA repository interfaces.
2026-06-13 16:48:12.908 [main] INFO  o.s.d.r.c.RepositoryConfigurationDelegate - Multiple Spring Data modules found, entering strict repository configuration mode
2026-06-13 16:48:12.909 [main] INFO  o.s.d.r.c.RepositoryConfigurationDelegate - Bootstrapping Spring Data Redis repositories in DEFAULT mode.
2026-06-13 16:48:12.936 [main] INFO  o.s.d.r.c.RepositoryConfigurationExtensionSupport - Spring Data Redis - Could not safely identify store assignment for repository candidate interface com.flowcontrol.repository.AnnouncementRepository; If you want this repository to be a Redis repository, consider annotating your entities with one of these annotations: org.springframework.data.redis.core.RedisHash (preferred), or consider extending one of the following types with your repository: org.springframework.data.keyvalue.repository.KeyValueRepository
2026-06-13 16:48:12.937 [main] INFO  o.s.d.r.c.RepositoryConfigurationExtensionSupport - Spring Data Redis - Could not safely identify store assignment for repository candidate interface com.flowcontrol.repository.DeviceUsageRepository; If you want this repository to be a Redis repository, consider annotating your entities with one of these annotations: org.springframework.data.redis.core.RedisHash (preferred), or consider extending one of the following types with your repository: org.springframework.data.keyvalue.repository.KeyValueRepository
2026-06-13 16:48:12.937 [main] INFO  o.s.d.r.c.RepositoryConfigurationExtensionSupport - Spring Data Redis - Could not safely identify store assignment for repository candidate interface com.flowcontrol.repository.MonitorRecordRepository; If you want this repository to be a Redis repository, consider annotating your entities with one of these annotations: org.springframework.data.redis.core.RedisHash (preferred), or consider extending one of the following types with your repository: org.springframework.data.keyvalue.repository.KeyValueRepository
2026-06-13 16:48:12.937 [main] INFO  o.s.d.r.c.RepositoryConfigurationExtensionSupport - Spring Data Redis - Could not safely identify store assignment for repository candidate interface com.flowcontrol.repository.NetworkStabilityRepository; If you want this repository to be a Redis repository, consider annotating your entities with one of these annotations: org.springframework.data.redis.core.RedisHash (preferred), or consider extending one of the following types with your repository: org.springframework.data.keyvalue.repository.KeyValueRepository
2026-06-13 16:48:12.938 [main] INFO  o.s.d.r.c.RepositoryConfigurationExtensionSupport - Spring Data Redis - Could not safely identify store assignment for repository candidate interface com.flowcontrol.repository.ServerPeakRepository; If you want this repository to be a Redis repository, consider annotating your entities with one of these annotations: org.springframework.data.redis.core.RedisHash (preferred), or consider extending one of the following types with your repository: org.springframework.data.keyvalue.repository.KeyValueRepository
2026-06-13 16:48:12.938 [main] INFO  o.s.d.r.c.RepositoryConfigurationExtensionSupport - Spring Data Redis - Could not safely identify store assignment for repository candidate interface com.flowcontrol.repository.SysUserRepository; If you want this repository to be a Redis repository, consider annotating your entities with one of these annotations: org.springframework.data.redis.core.RedisHash (preferred), or consider extending one of the following types with your repository: org.springframework.data.keyvalue.repository.KeyValueRepository
2026-06-13 16:48:12.938 [main] INFO  o.s.d.r.c.RepositoryConfigurationExtensionSupport - Spring Data Redis - Could not safely identify store assignment for repository candidate interface com.flowcontrol.repository.TrafficPlanRepository; If you want this repository to be a Redis repository, consider annotating your entities with one of these annotations: org.springframework.data.redis.core.RedisHash (preferred), or consider extending one of the following types with your repository: org.springframework.data.keyvalue.repository.KeyValueRepository
2026-06-13 16:48:12.939 [main] INFO  o.s.d.r.c.RepositoryConfigurationDelegate - Finished Spring Data repository scanning in 18 ms. Found 0 Redis repository interfaces.
2026-06-13 16:48:13.621 [main] INFO  o.s.b.w.e.tomcat.TomcatWebServer - Tomcat initialized with port(s): 8080 (http)
2026-06-13 16:48:13.630 [main] INFO  o.a.catalina.core.StandardService - Starting service [Tomcat]
2026-06-13 16:48:13.630 [main] INFO  o.a.catalina.core.StandardEngine - Starting Servlet engine: [Apache Tomcat/9.0.83]
2026-06-13 16:48:13.900 [main] INFO  o.a.c.c.C.[.[localhost].[/api] - Initializing Spring embedded WebApplicationContext
2026-06-13 16:48:13.900 [main] INFO  o.s.b.w.s.c.ServletWebServerApplicationContext - Root WebApplicationContext: initialization completed in 2296 ms
2026-06-13 16:48:14.178 [main] INFO  o.h.jpa.internal.util.LogHelper - HHH000204: Processing PersistenceUnitInfo [name: default]
2026-06-13 16:48:14.241 [main] INFO  org.hibernate.Version - HHH000412: Hibernate ORM core version 5.6.15.Final
2026-06-13 16:48:14.417 [main] INFO  o.h.annotations.common.Version - HCANN000001: Hibernate Commons Annotations {5.1.2.Final}
2026-06-13 16:48:14.544 [main] INFO  com.zaxxer.hikari.HikariDataSource - HikariPool-1 - Starting...
2026-06-13 16:48:14.736 [main] INFO  com.zaxxer.hikari.HikariDataSource - HikariPool-1 - Start completed.
2026-06-13 16:48:14.750 [main] INFO  org.hibernate.dialect.Dialect - HHH000400: Using dialect: org.hibernate.dialect.MySQL8Dialect
2026-06-13 16:48:15.504 [main] INFO  o.h.e.t.j.p.i.JtaPlatformInitiator - HHH000490: Using JtaPlatform implementation: [org.hibernate.engine.transaction.jta.platform.internal.NoJtaPlatform]
2026-06-13 16:48:15.517 [main] INFO  o.s.o.j.LocalContainerEntityManagerFactoryBean - Initialized JPA EntityManagerFactory for persistence unit 'default'
2026-06-13 16:48:16.646 [main] INFO  c.f.filter.LoginRateLimitFilter - LoginRateLimitFilter 初始化（基于Redis的登录限流）
2026-06-13 16:48:16.646 [main] DEBUG com.flowcontrol.filter.JwtAuthFilter - Filter 'jwtAuthFilter' configured for use
2026-06-13 16:48:16.647 [main] INFO  c.f.filter.SecurityHeadersFilter - SecurityHeadersFilter 初始化（添加安全响应头）
2026-06-13 16:48:16.647 [main] INFO  c.f.filter.ApiAccessAuditFilter - ApiAccessAuditFilter 初始化（API访问审计日志）
2026-06-13 16:48:17.025 [main] INFO  com.flowcontrol.service.AiService - AI服务初始化完成，Provider: deepseek, Model: deepseek-chat, Enabled: true
2026-06-13 16:48:17.287 [main] INFO  o.s.s.web.DefaultSecurityFilterChain - Will secure any request with [org.springframework.security.web.session.DisableEncodeUrlFilter@6d9ee75a, org.springframework.security.web.context.request.async.WebAsyncManagerIntegrationFilter@9825465, org.springframework.security.web.context.SecurityContextPersistenceFilter@733bd6f3, org.springframework.security.web.header.HeaderWriterFilter@180d918a, org.springframework.security.web.authentication.logout.LogoutFilter@50e24ea4, org.springframework.web.filter.CharacterEncodingFilter@36cf6377, com.flowcontrol.filter.SecurityHeadersFilter@2a510e0e, com.flowcontrol.filter.LoginRateLimitFilter@18dbc1b, com.flowcontrol.filter.JwtAuthFilter@7c206b14, com.flowcontrol.filter.ApiAccessAuditFilter@11eed657, org.springframework.security.web.savedrequest.RequestCacheAwareFilter@3f2ef402, org.springframework.security.web.servletapi.SecurityContextHolderAwareRequestFilter@64887fbc, org.springframework.security.web.authentication.AnonymousAuthenticationFilter@2befb16f, org.springframework.security.web.session.SessionManagementFilter@23365142, org.springframework.security.web.access.ExceptionTranslationFilter@1abf951a, org.springframework.security.web.access.intercept.AuthorizationFilter@333a2df2]
2026-06-13 16:48:17.936 [main] INFO  o.s.b.a.e.web.EndpointLinksResolver - Exposing 3 endpoint(s) beneath base path '/actuator'
2026-06-13 16:48:17.992 [main] INFO  o.s.b.w.e.tomcat.TomcatWebServer - Tomcat started on port(s): 8080 (http) with context path '/api'
2026-06-13 16:48:18.004 [main] INFO  c.flowcontrol.FlowControlApplication - Started FlowControlApplication in 6.947 seconds (JVM running for 8.324)
2026-06-13 16:48:18.047 [main] DEBUG org.hibernate.SQL - 
    /* select
        generatedAlias0 
    from
        SysUser as generatedAlias0 
    where
        generatedAlias0.username=:param0 */ select
            sysuser0_.id as id1_5_,
            sysuser0_.create_time as create_t2_5_,
            sysuser0_.update_time as update_t3_5_,
            sysuser0_.avatar as avatar4_5_,
            sysuser0_.email as email5_5_,
            sysuser0_.last_login_ip as last_log6_5_,
            sysuser0_.last_login_time as last_log7_5_,
            sysuser0_.nickname as nickname8_5_,
            sysuser0_.password as password9_5_,
            sysuser0_.phone as phone10_5_,
            sysuser0_.role as role11_5_,
            sysuser0_.status as status12_5_,
            sysuser0_.username as usernam13_5_ 
        from
            sys_user sysuser0_ 
        where
            sysuser0_.username=?
2026-06-13 16:48:18.065 [main] TRACE o.h.type.descriptor.sql.BasicBinder - binding parameter [1] as [VARCHAR] - [admin]
2026-06-13 16:48:18.199 [main] INFO  c.f.config.PasswordInitRunner - 已重置管理员密码为 admin123
2026-06-13 16:48:18.246 [main] DEBUG org.hibernate.SQL - 
    /* update
        com.flowcontrol.entity.SysUser */ update
            sys_user 
        set
            update_time=?,
            avatar=?,
            email=?,
            last_login_ip=?,
            last_login_time=?,
            nickname=?,
            password=?,
            phone=?,
            role=?,
            status=?,
            username=? 
        where
            id=?
2026-06-13 16:48:18.247 [main] TRACE o.h.type.descriptor.sql.BasicBinder - binding parameter [1] as [TIMESTAMP] - [2026-06-13T16:48:18.223]
2026-06-13 16:48:18.247 [main] TRACE o.h.type.descriptor.sql.BasicBinder - binding parameter [2] as [VARCHAR] - [null]
2026-06-13 16:48:18.248 [main] TRACE o.h.type.descriptor.sql.BasicBinder - binding parameter [3] as [VARCHAR] - [admin@flowcontrol.com]
2026-06-13 16:48:18.248 [main] TRACE o.h.type.descriptor.sql.BasicBinder - binding parameter [4] as [VARCHAR] - [0:0:0:0:0:0:0:1]
2026-06-13 16:48:18.248 [main] TRACE o.h.type.descriptor.sql.BasicBinder - binding parameter [5] as [TIMESTAMP] - [2026-06-11T14:01:36]
2026-06-13 16:48:18.248 [main] TRACE o.h.type.descriptor.sql.BasicBinder - binding parameter [6] as [VARCHAR] - [系统管理员]
2026-06-13 16:48:18.248 [main] TRACE o.h.type.descriptor.sql.BasicBinder - binding parameter [7] as [VARCHAR] - [$2a$10$TlYiLvOxVtSJLvKA0YM6L.qf1J9wTZqT3yvPkj6rXzyJYyjspBTjO]
2026-06-13 16:48:18.248 [main] TRACE o.h.type.descriptor.sql.BasicBinder - binding parameter [8] as [VARCHAR] - [null]
2026-06-13 16:48:18.248 [main] TRACE o.h.type.descriptor.sql.BasicBinder - binding parameter [9] as [VARCHAR] - [ADMIN]
2026-06-13 16:48:18.250 [main] TRACE o.h.type.descriptor.sql.BasicBinder - binding parameter [10] as [INTEGER] - [1]
2026-06-13 16:48:18.250 [main] TRACE o.h.type.descriptor.sql.BasicBinder - binding parameter [11] as [VARCHAR] - [admin]
2026-06-13 16:48:18.250 [main] TRACE o.h.type.descriptor.sql.BasicBinder - binding parameter [12] as [BIGINT] - [1]
2026-06-13 16:48:18.257 [main] DEBUG org.hibernate.SQL - 
    /* select
        generatedAlias0.id 
    from
        SysUser as generatedAlias0 
    where
        generatedAlias0.username=:param0 */ select
            sysuser0_.id as col_0_0_ 
        from
            sys_user sysuser0_ 
        where
            sysuser0_.username=? limit ?
2026-06-13 16:48:18.257 [main] TRACE o.h.type.descriptor.sql.BasicBinder - binding parameter [1] as [VARCHAR] - [demo]
2026-06-13 16:48:18.261 [main] DEBUG org.hibernate.SQL - 
    /* select
        generatedAlias0 
    from
        SysUser as generatedAlias0 
    where
        generatedAlias0.username=:param0 */ select
            sysuser0_.id as id1_5_,
            sysuser0_.create_time as create_t2_5_,
            sysuser0_.update_time as update_t3_5_,
            sysuser0_.avatar as avatar4_5_,
            sysuser0_.email as email5_5_,
            sysuser0_.last_login_ip as last_log6_5_,
            sysuser0_.last_login_time as last_log7_5_,
            sysuser0_.nickname as nickname8_5_,
            sysuser0_.password as password9_5_,
            sysuser0_.phone as phone10_5_,
            sysuser0_.role as role11_5_,
            sysuser0_.status as status12_5_,
            sysuser0_.username as usernam13_5_ 
        from
            sys_user sysuser0_ 
        where
            sysuser0_.username=?
2026-06-13 16:48:18.261 [main] TRACE o.h.type.descriptor.sql.BasicBinder - binding parameter [1] as [VARCHAR] - [demo]
2026-06-13 16:48:18.328 [main] INFO  c.f.config.PasswordInitRunner - 已重置 demo 用户密码为 demo123
2026-06-13 16:48:18.329 [main] DEBUG org.hibernate.SQL - 
    /* update
        com.flowcontrol.entity.SysUser */ update
            sys_user 
        set
            update_time=?,
            avatar=?,
            email=?,
            last_login_ip=?,
            last_login_time=?,
            nickname=?,
            password=?,
            phone=?,
            role=?,
            status=?,
            username=? 
        where
            id=?
2026-06-13 16:48:18.329 [main] TRACE o.h.type.descriptor.sql.BasicBinder - binding parameter [1] as [TIMESTAMP] - [2026-06-13T16:48:18.329]
2026-06-13 16:48:18.329 [main] TRACE o.h.type.descriptor.sql.BasicBinder - binding parameter [2] as [VARCHAR] - [null]
2026-06-13 16:48:18.329 [main] TRACE o.h.type.descriptor.sql.BasicBinder - binding parameter [3] as [VARCHAR] - [null]
2026-06-13 16:48:18.329 [main] TRACE o.h.type.descriptor.sql.BasicBinder - binding parameter [4] as [VARCHAR] - [0:0:0:0:0:0:0:1]
2026-06-13 16:48:18.330 [main] TRACE o.h.type.descriptor.sql.BasicBinder - binding parameter [5] as [TIMESTAMP] - [2026-06-11T11:03:56]
2026-06-13 16:48:18.330 [main] TRACE o.h.type.descriptor.sql.BasicBinder - binding parameter [6] as [VARCHAR] - [演示用户]
2026-06-13 16:48:18.330 [main] TRACE o.h.type.descriptor.sql.BasicBinder - binding parameter [7] as [VARCHAR] - [$2a$10$uzwtQYPnSq.Xxi5o4jSeEOi1xjKT/ZGamRSPAeEJKfrUGwiBW6fQa]
2026-06-13 16:48:18.330 [main] TRACE o.h.type.descriptor.sql.BasicBinder - binding parameter [8] as [VARCHAR] - [null]
2026-06-13 16:48:18.330 [main] TRACE o.h.type.descriptor.sql.BasicBinder - binding parameter [9] as [VARCHAR] - [USER]
2026-06-13 16:48:18.330 [main] TRACE o.h.type.descriptor.sql.BasicBinder - binding parameter [10] as [INTEGER] - [1]
2026-06-13 16:48:18.330 [main] TRACE o.h.type.descriptor.sql.BasicBinder - binding parameter [11] as [VARCHAR] - [demo]
2026-06-13 16:48:18.333 [main] TRACE o.h.type.descriptor.sql.BasicBinder - binding parameter [12] as [BIGINT] - [8]
2026-06-13 16:48:19.372 [RMI TCP Connection(5)-192.168.5.6] INFO  o.a.c.c.C.[.[localhost].[/api] - Initializing Spring DispatcherServlet 'dispatcherServlet'
2026-06-13 16:48:19.372 [RMI TCP Connection(5)-192.168.5.6] INFO  o.s.web.servlet.DispatcherServlet - Initializing Servlet 'dispatcherServlet'
2026-06-13 16:48:19.373 [RMI TCP Connection(5)-192.168.5.6] INFO  o.s.web.servlet.DispatcherServlet - Completed initialization in 1 ms
2026-06-13 16:56:20.124 [main] INFO  c.flowcontrol.FlowControlApplication - Starting FlowControlApplication using Java 1.8.0_301 on DESKTOP-GBTKBI2 with PID 28276 (C:\Users\张霄\WorkBuddy\20260409124147\backend\backend\target\classes started by 张霄 in C:\Users\张霄\WorkBuddy\20260409124147\backend\backend)
2026-06-13 16:56:20.128 [main] DEBUG c.flowcontrol.FlowControlApplication - Running with Spring Boot v2.7.18, Spring v5.3.31
2026-06-13 16:56:20.128 [main] INFO  c.flowcontrol.FlowControlApplication - No active profile set, falling back to 1 default profile: "default"
2026-06-13 16:56:21.339 [main] INFO  o.s.d.r.c.RepositoryConfigurationDelegate - Multiple Spring Data modules found, entering strict repository configuration mode
2026-06-13 16:56:21.339 [main] INFO  o.s.d.r.c.RepositoryConfigurationDelegate - Bootstrapping Spring Data JPA repositories in DEFAULT mode.
2026-06-13 16:56:21.449 [main] INFO  o.s.d.r.c.RepositoryConfigurationDelegate - Finished Spring Data repository scanning in 102 ms. Found 7 JPA repository interfaces.
2026-06-13 16:56:21.462 [main] INFO  o.s.d.r.c.RepositoryConfigurationDelegate - Multiple Spring Data modules found, entering strict repository configuration mode
2026-06-13 16:56:21.463 [main] INFO  o.s.d.r.c.RepositoryConfigurationDelegate - Bootstrapping Spring Data Redis repositories in DEFAULT mode.
2026-06-13 16:56:21.491 [main] INFO  o.s.d.r.c.RepositoryConfigurationExtensionSupport - Spring Data Redis - Could not safely identify store assignment for repository candidate interface com.flowcontrol.repository.AnnouncementRepository; If you want this repository to be a Redis repository, consider annotating your entities with one of these annotations: org.springframework.data.redis.core.RedisHash (preferred), or consider extending one of the following types with your repository: org.springframework.data.keyvalue.repository.KeyValueRepository
2026-06-13 16:56:21.492 [main] INFO  o.s.d.r.c.RepositoryConfigurationExtensionSupport - Spring Data Redis - Could not safely identify store assignment for repository candidate interface com.flowcontrol.repository.DeviceUsageRepository; If you want this repository to be a Redis repository, consider annotating your entities with one of these annotations: org.springframework.data.redis.core.RedisHash (preferred), or consider extending one of the following types with your repository: org.springframework.data.keyvalue.repository.KeyValueRepository
2026-06-13 16:56:21.492 [main] INFO  o.s.d.r.c.RepositoryConfigurationExtensionSupport - Spring Data Redis - Could not safely identify store assignment for repository candidate interface com.flowcontrol.repository.MonitorRecordRepository; If you want this repository to be a Redis repository, consider annotating your entities with one of these annotations: org.springframework.data.redis.core.RedisHash (preferred), or consider extending one of the following types with your repository: org.springframework.data.keyvalue.repository.KeyValueRepository
2026-06-13 16:56:21.492 [main] INFO  o.s.d.r.c.RepositoryConfigurationExtensionSupport - Spring Data Redis - Could not safely identify store assignment for repository candidate interface com.flowcontrol.repository.NetworkStabilityRepository; If you want this repository to be a Redis repository, consider annotating your entities with one of these annotations: org.springframework.data.redis.core.RedisHash (preferred), or consider extending one of the following types with your repository: org.springframework.data.keyvalue.repository.KeyValueRepository
2026-06-13 16:56:21.493 [main] INFO  o.s.d.r.c.RepositoryConfigurationExtensionSupport - Spring Data Redis - Could not safely identify store assignment for repository candidate interface com.flowcontrol.repository.ServerPeakRepository; If you want this repository to be a Redis repository, consider annotating your entities with one of these annotations: org.springframework.data.redis.core.RedisHash (preferred), or consider extending one of the following types with your repository: org.springframework.data.keyvalue.repository.KeyValueRepository
2026-06-13 16:56:21.493 [main] INFO  o.s.d.r.c.RepositoryConfigurationExtensionSupport - Spring Data Redis - Could not safely identify store assignment for repository candidate interface com.flowcontrol.repository.SysUserRepository; If you want this repository to be a Redis repository, consider annotating your entities with one of these annotations: org.springframework.data.redis.core.RedisHash (preferred), or consider extending one of the following types with your repository: org.springframework.data.keyvalue.repository.KeyValueRepository
2026-06-13 16:56:21.494 [main] INFO  o.s.d.r.c.RepositoryConfigurationExtensionSupport - Spring Data Redis - Could not safely identify store assignment for repository candidate interface com.flowcontrol.repository.TrafficPlanRepository; If you want this repository to be a Redis repository, consider annotating your entities with one of these annotations: org.springframework.data.redis.core.RedisHash (preferred), or consider extending one of the following types with your repository: org.springframework.data.keyvalue.repository.KeyValueRepository
2026-06-13 16:56:21.494 [main] INFO  o.s.d.r.c.RepositoryConfigurationDelegate - Finished Spring Data repository scanning in 21 ms. Found 0 Redis repository interfaces.
2026-06-13 16:56:22.184 [main] INFO  o.s.b.w.e.tomcat.TomcatWebServer - Tomcat initialized with port(s): 8080 (http)
2026-06-13 16:56:22.193 [main] INFO  o.a.catalina.core.StandardService - Starting service [Tomcat]
2026-06-13 16:56:22.193 [main] INFO  o.a.catalina.core.StandardEngine - Starting Servlet engine: [Apache Tomcat/9.0.83]
2026-06-13 16:56:22.448 [main] INFO  o.a.c.c.C.[.[localhost].[/api] - Initializing Spring embedded WebApplicationContext
2026-06-13 16:56:22.449 [main] INFO  o.s.b.w.s.c.ServletWebServerApplicationContext - Root WebApplicationContext: initialization completed in 2277 ms
2026-06-13 16:56:22.694 [main] INFO  o.h.jpa.internal.util.LogHelper - HHH000204: Processing PersistenceUnitInfo [name: default]
2026-06-13 16:56:22.755 [main] INFO  org.hibernate.Version - HHH000412: Hibernate ORM core version 5.6.15.Final
2026-06-13 16:56:22.913 [main] INFO  o.h.annotations.common.Version - HCANN000001: Hibernate Commons Annotations {5.1.2.Final}
2026-06-13 16:56:23.031 [main] INFO  com.zaxxer.hikari.HikariDataSource - HikariPool-1 - Starting...
2026-06-13 16:56:23.193 [main] INFO  com.zaxxer.hikari.HikariDataSource - HikariPool-1 - Start completed.
2026-06-13 16:56:23.207 [main] INFO  org.hibernate.dialect.Dialect - HHH000400: Using dialect: org.hibernate.dialect.MySQL8Dialect
2026-06-13 16:56:23.949 [main] INFO  o.h.e.t.j.p.i.JtaPlatformInitiator - HHH000490: Using JtaPlatform implementation: [org.hibernate.engine.transaction.jta.platform.internal.NoJtaPlatform]
2026-06-13 16:56:23.962 [main] INFO  o.s.o.j.LocalContainerEntityManagerFactoryBean - Initialized JPA EntityManagerFactory for persistence unit 'default'
2026-06-13 16:56:25.033 [main] INFO  c.f.filter.LoginRateLimitFilter - LoginRateLimitFilter 初始化（基于Redis的登录限流）
2026-06-13 16:56:25.033 [main] DEBUG com.flowcontrol.filter.JwtAuthFilter - Filter 'jwtAuthFilter' configured for use
2026-06-13 16:56:25.034 [main] INFO  c.f.filter.SecurityHeadersFilter - SecurityHeadersFilter 初始化（添加安全响应头）
2026-06-13 16:56:25.034 [main] INFO  c.f.filter.ApiAccessAuditFilter - ApiAccessAuditFilter 初始化（API访问审计日志）
2026-06-13 16:56:25.374 [main] INFO  com.flowcontrol.service.AiService - AI服务初始化完成，Provider: deepseek, Model: deepseek-chat, Enabled: true
2026-06-13 16:56:25.638 [main] INFO  o.s.s.web.DefaultSecurityFilterChain - Will secure any request with [org.springframework.security.web.session.DisableEncodeUrlFilter@21ba0d33, org.springframework.security.web.context.request.async.WebAsyncManagerIntegrationFilter@afb7b03, org.springframework.security.web.context.SecurityContextPersistenceFilter@7836c79, org.springframework.security.web.header.HeaderWriterFilter@733bd6f3, org.springframework.security.web.authentication.logout.LogoutFilter@344a065a, org.springframework.web.filter.CharacterEncodingFilter@4fd63c43, com.flowcontrol.filter.SecurityHeadersFilter@7e94de5f, com.flowcontrol.filter.LoginRateLimitFilter@1b36d248, com.flowcontrol.filter.JwtAuthFilter@7dddfc35, com.flowcontrol.filter.ApiAccessAuditFilter@3289079a, org.springframework.security.web.savedrequest.RequestCacheAwareFilter@28269c65, org.springframework.security.web.servletapi.SecurityContextHolderAwareRequestFilter@42805abe, org.springframework.security.web.authentication.AnonymousAuthenticationFilter@7d483ebe, org.springframework.security.web.session.SessionManagementFilter@1f6d7e7c, org.springframework.security.web.access.ExceptionTranslationFilter@23365142, org.springframework.security.web.access.intercept.AuthorizationFilter@3151277f]
2026-06-13 16:56:26.243 [main] INFO  o.s.b.a.e.web.EndpointLinksResolver - Exposing 3 endpoint(s) beneath base path '/actuator'
2026-06-13 16:56:26.294 [main] INFO  o.s.b.w.e.tomcat.TomcatWebServer - Tomcat started on port(s): 8080 (http) with context path '/api'
2026-06-13 16:56:26.305 [main] INFO  c.flowcontrol.FlowControlApplication - Started FlowControlApplication in 6.694 seconds (JVM running for 7.833)
2026-06-13 16:56:26.344 [main] DEBUG org.hibernate.SQL - 
    /* select
        generatedAlias0 
    from
        SysUser as generatedAlias0 
    where
        generatedAlias0.username=:param0 */ select
            sysuser0_.id as id1_5_,
            sysuser0_.create_time as create_t2_5_,
            sysuser0_.update_time as update_t3_5_,
            sysuser0_.avatar as avatar4_5_,
            sysuser0_.email as email5_5_,
            sysuser0_.last_login_ip as last_log6_5_,
            sysuser0_.last_login_time as last_log7_5_,
            sysuser0_.nickname as nickname8_5_,
            sysuser0_.password as password9_5_,
            sysuser0_.phone as phone10_5_,
            sysuser0_.role as role11_5_,
            sysuser0_.status as status12_5_,
            sysuser0_.username as usernam13_5_ 
        from
            sys_user sysuser0_ 
        where
            sysuser0_.username=?
2026-06-13 16:56:26.360 [main] TRACE o.h.type.descriptor.sql.BasicBinder - binding parameter [1] as [VARCHAR] - [admin]
2026-06-13 16:56:26.483 [main] INFO  c.f.config.PasswordInitRunner - 已重置管理员密码为 admin123
2026-06-13 16:56:26.526 [main] DEBUG org.hibernate.SQL - 
    /* update
        com.flowcontrol.entity.SysUser */ update
            sys_user 
        set
            update_time=?,
            avatar=?,
            email=?,
            last_login_ip=?,
            last_login_time=?,
            nickname=?,
            password=?,
            phone=?,
            role=?,
            status=?,
            username=? 
        where
            id=?
2026-06-13 16:56:26.527 [main] TRACE o.h.type.descriptor.sql.BasicBinder - binding parameter [1] as [TIMESTAMP] - [2026-06-13T16:56:26.503]
2026-06-13 16:56:26.527 [main] TRACE o.h.type.descriptor.sql.BasicBinder - binding parameter [2] as [VARCHAR] - [null]
2026-06-13 16:56:26.527 [main] TRACE o.h.type.descriptor.sql.BasicBinder - binding parameter [3] as [VARCHAR] - [admin@flowcontrol.com]
2026-06-13 16:56:26.528 [main] TRACE o.h.type.descriptor.sql.BasicBinder - binding parameter [4] as [VARCHAR] - [0:0:0:0:0:0:0:1]
2026-06-13 16:56:26.528 [main] TRACE o.h.type.descriptor.sql.BasicBinder - binding parameter [5] as [TIMESTAMP] - [2026-06-11T14:01:36]
2026-06-13 16:56:26.528 [main] TRACE o.h.type.descriptor.sql.BasicBinder - binding parameter [6] as [VARCHAR] - [系统管理员]
2026-06-13 16:56:26.528 [main] TRACE o.h.type.descriptor.sql.BasicBinder - binding parameter [7] as [VARCHAR] - [$2a$10$noylKSLn7HX3Auuf6hP1WegQqlmCWHz9YRG/Mt4pefzKg7uzWp81.]
2026-06-13 16:56:26.528 [main] TRACE o.h.type.descriptor.sql.BasicBinder - binding parameter [8] as [VARCHAR] - [null]
2026-06-13 16:56:26.528 [main] TRACE o.h.type.descriptor.sql.BasicBinder - binding parameter [9] as [VARCHAR] - [ADMIN]
2026-06-13 16:56:26.528 [main] TRACE o.h.type.descriptor.sql.BasicBinder - binding parameter [10] as [INTEGER] - [1]
2026-06-13 16:56:26.529 [main] TRACE o.h.type.descriptor.sql.BasicBinder - binding parameter [11] as [VARCHAR] - [admin]
2026-06-13 16:56:26.529 [main] TRACE o.h.type.descriptor.sql.BasicBinder - binding parameter [12] as [BIGINT] - [1]
2026-06-13 16:56:26.536 [main] DEBUG org.hibernate.SQL - 
    /* select
        generatedAlias0.id 
    from
        SysUser as generatedAlias0 
    where
        generatedAlias0.username=:param0 */ select
            sysuser0_.id as col_0_0_ 
        from
            sys_user sysuser0_ 
        where
            sysuser0_.username=? limit ?
2026-06-13 16:56:26.536 [main] TRACE o.h.type.descriptor.sql.BasicBinder - binding parameter [1] as [VARCHAR] - [demo]
2026-06-13 16:56:26.540 [main] DEBUG org.hibernate.SQL - 
    /* select
        generatedAlias0 
    from
        SysUser as generatedAlias0 
    where
        generatedAlias0.username=:param0 */ select
            sysuser0_.id as id1_5_,
            sysuser0_.create_time as create_t2_5_,
            sysuser0_.update_time as update_t3_5_,
            sysuser0_.avatar as avatar4_5_,
            sysuser0_.email as email5_5_,
            sysuser0_.last_login_ip as last_log6_5_,
            sysuser0_.last_login_time as last_log7_5_,
            sysuser0_.nickname as nickname8_5_,
            sysuser0_.password as password9_5_,
            sysuser0_.phone as phone10_5_,
            sysuser0_.role as role11_5_,
            sysuser0_.status as status12_5_,
            sysuser0_.username as usernam13_5_ 
        from
            sys_user sysuser0_ 
        where
            sysuser0_.username=?
2026-06-13 16:56:26.541 [main] TRACE o.h.type.descriptor.sql.BasicBinder - binding parameter [1] as [VARCHAR] - [demo]
2026-06-13 16:56:26.606 [main] INFO  c.f.config.PasswordInitRunner - 已重置 demo 用户密码为 demo123
2026-06-13 16:56:26.607 [main] DEBUG org.hibernate.SQL - 
    /* update
        com.flowcontrol.entity.SysUser */ update
            sys_user 
        set
            update_time=?,
            avatar=?,
            email=?,
            last_login_ip=?,
            last_login_time=?,
            nickname=?,
            password=?,
            phone=?,
            role=?,
            status=?,
            username=? 
        where
            id=?
2026-06-13 16:56:26.607 [main] TRACE o.h.type.descriptor.sql.BasicBinder - binding parameter [1] as [TIMESTAMP] - [2026-06-13T16:56:26.607]
2026-06-13 16:56:26.607 [main] TRACE o.h.type.descriptor.sql.BasicBinder - binding parameter [2] as [VARCHAR] - [null]
2026-06-13 16:56:26.607 [main] TRACE o.h.type.descriptor.sql.BasicBinder - binding parameter [3] as [VARCHAR] - [null]
2026-06-13 16:56:26.607 [main] TRACE o.h.type.descriptor.sql.BasicBinder - binding parameter [4] as [VARCHAR] - [0:0:0:0:0:0:0:1]
2026-06-13 16:56:26.608 [main] TRACE o.h.type.descriptor.sql.BasicBinder - binding parameter [5] as [TIMESTAMP] - [2026-06-11T11:03:56]
2026-06-13 16:56:26.608 [main] TRACE o.h.type.descriptor.sql.BasicBinder - binding parameter [6] as [VARCHAR] - [演示用户]
2026-06-13 16:56:26.608 [main] TRACE o.h.type.descriptor.sql.BasicBinder - binding parameter [7] as [VARCHAR] - [$2a$10$RFbzrQQqlnCO8FLKI3oKbeEciLrdorPBEIxHFqfM/zRlpzBwrSr8a]
2026-06-13 16:56:26.608 [main] TRACE o.h.type.descriptor.sql.BasicBinder - binding parameter [8] as [VARCHAR] - [null]
2026-06-13 16:56:26.608 [main] TRACE o.h.type.descriptor.sql.BasicBinder - binding parameter [9] as [VARCHAR] - [USER]
2026-06-13 16:56:26.608 [main] TRACE o.h.type.descriptor.sql.BasicBinder - binding parameter [10] as [INTEGER] - [1]
2026-06-13 16:56:26.610 [main] TRACE o.h.type.descriptor.sql.BasicBinder - binding parameter [11] as [VARCHAR] - [demo]
2026-06-13 16:56:26.610 [main] TRACE o.h.type.descriptor.sql.BasicBinder - binding parameter [12] as [BIGINT] - [8]
2026-06-13 16:56:27.230 [RMI TCP Connection(3)-192.168.5.6] INFO  o.a.c.c.C.[.[localhost].[/api] - Initializing Spring DispatcherServlet 'dispatcherServlet'
2026-06-13 16:56:27.230 [RMI TCP Connection(3)-192.168.5.6] INFO  o.s.web.servlet.DispatcherServlet - Initializing Servlet 'dispatcherServlet'
2026-06-13 16:56:27.232 [RMI TCP Connection(3)-192.168.5.6] INFO  o.s.web.servlet.DispatcherServlet - Completed initialization in 1 ms
2026-06-13 16:56:29.134 [boundedElastic-1] WARN  o.s.b.a.r.RedisReactiveHealthIndicator - Redis health check failed
org.springframework.data.redis.RedisConnectionFailureException: Unable to connect to Redis; nested exception is io.lettuce.core.RedisConnectionException: Unable to connect to localhost:6379
	at org.springframework.data.redis.connection.lettuce.LettuceConnectionFactory$ExceptionTranslatingConnectionProvider.translateException(LettuceConnectionFactory.java:1689)
	at org.springframework.data.redis.connection.lettuce.LettuceConnectionFactory$ExceptionTranslatingConnectionProvider.getConnection(LettuceConnectionFactory.java:1597)
	at org.springframework.data.redis.connection.lettuce.LettuceConnectionFactory$SharedConnection.getNativeConnection(LettuceConnectionFactory.java:1383)
	at org.springframework.data.redis.connection.lettuce.LettuceConnectionFactory$SharedConnection.getConnection(LettuceConnectionFactory.java:1366)
	at org.springframework.data.redis.connection.lettuce.LettuceConnectionFactory.getSharedReactiveConnection(LettuceConnectionFactory.java:1117)
	at org.springframework.data.redis.connection.lettuce.LettuceConnectionFactory.getReactiveConnection(LettuceConnectionFactory.java:509)
	at org.springframework.data.redis.connection.lettuce.LettuceConnectionFactory.getReactiveConnection(LettuceConnectionFactory.java:103)
	at reactor.core.publisher.MonoSupplier.call(MonoSupplier.java:86)
	at reactor.core.publisher.FluxSubscribeOnCallable$CallableSubscribeOnSubscription.run(FluxSubscribeOnCallable.java:227)
	at reactor.core.scheduler.SchedulerTask.call(SchedulerTask.java:68)
	at reactor.core.scheduler.SchedulerTask.call(SchedulerTask.java:28)
	at java.util.concurrent.FutureTask.run(FutureTask.java:266)
	at java.util.concurrent.ScheduledThreadPoolExecutor$ScheduledFutureTask.access$201(ScheduledThreadPoolExecutor.java:180)
	at java.util.concurrent.ScheduledThreadPoolExecutor$ScheduledFutureTask.run(ScheduledThreadPoolExecutor.java:293)
	at java.util.concurrent.ThreadPoolExecutor.runWorker(ThreadPoolExecutor.java:1149)
	at java.util.concurrent.ThreadPoolExecutor$Worker.run(ThreadPoolExecutor.java:624)
	at java.lang.Thread.run(Thread.java:748)
Caused by: io.lettuce.core.RedisConnectionException: Unable to connect to localhost:6379
	at io.lettuce.core.RedisConnectionException.create(RedisConnectionException.java:78)
	at io.lettuce.core.RedisConnectionException.create(RedisConnectionException.java:56)
	at io.lettuce.core.AbstractRedisClient.getConnection(AbstractRedisClient.java:330)
	at io.lettuce.core.RedisClient.connect(RedisClient.java:216)
	at org.springframework.data.redis.connection.lettuce.StandaloneConnectionProvider.lambda$getConnection$1(StandaloneConnectionProvider.java:115)
	at java.util.Optional.orElseGet(Optional.java:267)
	at org.springframework.data.redis.connection.lettuce.StandaloneConnectionProvider.getConnection(StandaloneConnectionProvider.java:115)
	at org.springframework.data.redis.connection.lettuce.LettuceConnectionFactory$ExceptionTranslatingConnectionProvider.getConnection(LettuceConnectionFactory.java:1595)
	... 15 common frames omitted
Caused by: io.netty.channel.AbstractChannel$AnnotatedConnectException: Connection refused: no further information: localhost/127.0.0.1:6379
Caused by: java.net.ConnectException: Connection refused: no further information
	at sun.nio.ch.SocketChannelImpl.checkConnect(Native Method)
	at sun.nio.ch.SocketChannelImpl.finishConnect(SocketChannelImpl.java:715)
	at io.netty.channel.socket.nio.NioSocketChannel.doFinishConnect(NioSocketChannel.java:337)
	at io.netty.channel.nio.AbstractNioChannel$AbstractNioUnsafe.finishConnect(AbstractNioChannel.java:334)
	at io.netty.channel.nio.NioEventLoop.processSelectedKey(NioEventLoop.java:776)
	at io.netty.channel.nio.NioEventLoop.processSelectedKeysOptimized(NioEventLoop.java:724)
	at io.netty.channel.nio.NioEventLoop.processSelectedKeys(NioEventLoop.java:650)
	at io.netty.channel.nio.NioEventLoop.run(NioEventLoop.java:562)
	at io.netty.util.concurrent.SingleThreadEventExecutor$4.run(SingleThreadEventExecutor.java:997)
	at io.netty.util.internal.ThreadExecutorMap$2.run(ThreadExecutorMap.java:74)
	at io.netty.util.concurrent.FastThreadLocalRunnable.run(FastThreadLocalRunnable.java:30)
	at java.lang.Thread.run(Thread.java:748)
2026-06-13 16:56:34.498 [http-nio-8080-exec-3] WARN  com.flowcontrol.util.JwtUtil - Token已过期: JWT expired at 2026-06-11T06:16:35Z. Current time: 2026-06-13T08:56:34Z, a difference of 182399495 milliseconds.  Allowed clock skew: 0 milliseconds.
2026-06-13 16:56:34.498 [http-nio-8080-exec-2] WARN  com.flowcontrol.util.JwtUtil - Token已过期: JWT expired at 2026-06-11T06:16:35Z. Current time: 2026-06-13T08:56:34Z, a difference of 182399497 milliseconds.  Allowed clock skew: 0 milliseconds.
2026-06-13 16:56:34.498 [http-nio-8080-exec-7] WARN  com.flowcontrol.util.JwtUtil - Token已过期: JWT expired at 2026-06-11T06:16:35Z. Current time: 2026-06-13T08:56:34Z, a difference of 182399495 milliseconds.  Allowed clock skew: 0 milliseconds.
2026-06-13 16:56:34.498 [http-nio-8080-exec-1] WARN  com.flowcontrol.util.JwtUtil - Token已过期: JWT expired at 2026-06-11T06:16:35Z. Current time: 2026-06-13T08:56:34Z, a difference of 182399495 milliseconds.  Allowed clock skew: 0 milliseconds.
2026-06-13 16:56:34.498 [http-nio-8080-exec-4] WARN  com.flowcontrol.util.JwtUtil - Token已过期: JWT expired at 2026-06-11T06:16:35Z. Current time: 2026-06-13T08:56:34Z, a difference of 182399497 milliseconds.  Allowed clock skew: 0 milliseconds.
2026-06-13 16:56:34.498 [http-nio-8080-exec-8] WARN  com.flowcontrol.util.JwtUtil - Token已过期: JWT expired at 2026-06-11T06:16:35Z. Current time: 2026-06-13T08:56:34Z, a difference of 182399495 milliseconds.  Allowed clock skew: 0 milliseconds.
2026-06-13 16:56:34.507 [http-nio-8080-exec-2] INFO  c.f.filter.ApiAccessAuditFilter - [API-AUDIT] rid=8 method=GET path=/api/server-peak/statistics ip=0:0:0:0:0:0:0:1 status=401 duration=8ms ua="Mozilla/5.0 (Windows NT 10.0; Win64; x64) AppleWeb..." 错误响应
2026-06-13 16:56:34.507 [http-nio-8080-exec-1] INFO  c.f.filter.ApiAccessAuditFilter - [API-AUDIT] rid=10 method=GET path=/api/device/statistics ip=0:0:0:0:0:0:0:1 status=401 duration=8ms ua="Mozilla/5.0 (Windows NT 10.0; Win64; x64) AppleWeb..." 错误响应
2026-06-13 16:56:34.507 [http-nio-8080-exec-8] INFO  c.f.filter.ApiAccessAuditFilter - [API-AUDIT] rid=12 method=GET path=/api/announcement/statistics ip=0:0:0:0:0:0:0:1 status=401 duration=8ms ua="Mozilla/5.0 (Windows NT 10.0; Win64; x64) AppleWeb..." 错误响应
2026-06-13 16:56:34.507 [http-nio-8080-exec-3] INFO  c.f.filter.ApiAccessAuditFilter - [API-AUDIT] rid=7 method=GET path=/api/monitor/statistics ip=0:0:0:0:0:0:0:1 status=401 duration=8ms ua="Mozilla/5.0 (Windows NT 10.0; Win64; x64) AppleWeb..." 错误响应
2026-06-13 16:56:34.507 [http-nio-8080-exec-4] INFO  c.f.filter.ApiAccessAuditFilter - [API-AUDIT] rid=11 method=GET path=/api/traffic-plan/statistics ip=0:0:0:0:0:0:0:1 status=401 duration=8ms ua="Mozilla/5.0 (Windows NT 10.0; Win64; x64) AppleWeb..." 错误响应
2026-06-13 16:56:34.507 [http-nio-8080-exec-7] INFO  c.f.filter.ApiAccessAuditFilter - [API-AUDIT] rid=9 method=GET path=/api/server-peak/alerts ip=0:0:0:0:0:0:0:1 status=401 duration=8ms ua="Mozilla/5.0 (Windows NT 10.0; Win64; x64) AppleWeb..." 错误响应
2026-06-13 16:56:34.511 [http-nio-8080-exec-7] INFO  c.f.filter.ApiAccessAuditFilter - [API-AUDIT] rid=6 method=GET path=/api/server-peak/alerts ip=0:0:0:0:0:0:0:1 status=401 duration=786ms ua="Mozilla/5.0 (Windows NT 10.0; Win64; x64) AppleWeb..." 错误响应
2026-06-13 16:56:34.511 [http-nio-8080-exec-8] INFO  c.f.filter.ApiAccessAuditFilter - [API-AUDIT] rid=2 method=GET path=/api/announcement/statistics ip=0:0:0:0:0:0:0:1 status=401 duration=786ms ua="Mozilla/5.0 (Windows NT 10.0; Win64; x64) AppleWeb..." 错误响应
2026-06-13 16:56:34.511 [http-nio-8080-exec-3] INFO  c.f.filter.ApiAccessAuditFilter - [API-AUDIT] rid=1 method=GET path=/api/monitor/statistics ip=0:0:0:0:0:0:0:1 status=401 duration=786ms ua="Mozilla/5.0 (Windows NT 10.0; Win64; x64) AppleWeb..." 错误响应
2026-06-13 16:56:34.511 [http-nio-8080-exec-2] INFO  c.f.filter.ApiAccessAuditFilter - [API-AUDIT] rid=3 method=GET path=/api/server-peak/statistics ip=0:0:0:0:0:0:0:1 status=401 duration=786ms ua="Mozilla/5.0 (Windows NT 10.0; Win64; x64) AppleWeb..." 错误响应
2026-06-13 16:56:34.511 [http-nio-8080-exec-4] INFO  c.f.filter.ApiAccessAuditFilter - [API-AUDIT] rid=4 method=GET path=/api/traffic-plan/statistics ip=0:0:0:0:0:0:0:1 status=401 duration=786ms ua="Mozilla/5.0 (Windows NT 10.0; Win64; x64) AppleWeb..." 错误响应
2026-06-13 16:56:34.511 [http-nio-8080-exec-1] INFO  c.f.filter.ApiAccessAuditFilter - [API-AUDIT] rid=5 method=GET path=/api/device/statistics ip=0:0:0:0:0:0:0:1 status=401 duration=786ms ua="Mozilla/5.0 (Windows NT 10.0; Win64; x64) AppleWeb..." 错误响应
2026-06-13 16:56:34.829 [http-nio-8080-exec-9] WARN  com.flowcontrol.util.JwtUtil - Token已过期: JWT expired at 2026-06-11T06:16:35Z. Current time: 2026-06-13T08:56:34Z, a difference of 182399829 milliseconds.  Allowed clock skew: 0 milliseconds.
2026-06-13 16:56:34.829 [http-nio-8080-exec-5] WARN  com.flowcontrol.util.JwtUtil - Token已过期: JWT expired at 2026-06-11T06:16:35Z. Current time: 2026-06-13T08:56:34Z, a difference of 182399829 milliseconds.  Allowed clock skew: 0 milliseconds.
2026-06-13 16:56:34.829 [http-nio-8080-exec-6] WARN  com.flowcontrol.util.JwtUtil - Token已过期: JWT expired at 2026-06-11T06:16:35Z. Current time: 2026-06-13T08:56:34Z, a difference of 182399829 milliseconds.  Allowed clock skew: 0 milliseconds.
2026-06-13 16:56:34.830 [http-nio-8080-exec-6] INFO  c.f.filter.ApiAccessAuditFilter - [API-AUDIT] rid=18 method=GET path=/api/monitor/list ip=0:0:0:0:0:0:0:1 status=401 duration=0ms ua="Mozilla/5.0 (Windows NT 10.0; Win64; x64) AppleWeb..." 错误响应
2026-06-13 16:56:34.830 [http-nio-8080-exec-6] INFO  c.f.filter.ApiAccessAuditFilter - [API-AUDIT] rid=13 method=GET path=/api/monitor/list ip=0:0:0:0:0:0:0:1 status=401 duration=6ms ua="Mozilla/5.0 (Windows NT 10.0; Win64; x64) AppleWeb..." 错误响应
2026-06-13 16:56:34.855 [http-nio-8080-exec-10] WARN  com.flowcontrol.util.JwtUtil - Token已过期: JWT expired at 2026-06-11T06:16:35Z. Current time: 2026-06-13T08:56:34Z, a difference of 182399855 milliseconds.  Allowed clock skew: 0 milliseconds.
2026-06-13 16:56:34.856 [http-nio-8080-exec-10] INFO  c.f.filter.ApiAccessAuditFilter - [API-AUDIT] rid=20 method=GET path=/api/monitor/trend ip=0:0:0:0:0:0:0:1 status=401 duration=1ms ua="Mozilla/5.0 (Windows NT 10.0; Win64; x64) AppleWeb..." 错误响应
2026-06-13 16:56:34.856 [http-nio-8080-exec-10] INFO  c.f.filter.ApiAccessAuditFilter - [API-AUDIT] rid=19 method=GET path=/api/monitor/trend ip=0:0:0:0:0:0:0:1 status=401 duration=7ms ua="Mozilla/5.0 (Windows NT 10.0; Win64; x64) AppleWeb..." 错误响应
2026-06-13 16:56:34.872 [http-nio-8080-exec-9] ERROR c.f.exception.GlobalExceptionHandler - 系统异常（未处理）
java.lang.ClassCastException: java.lang.String cannot be cast to com.flowcontrol.entity.SysUser
	at com.flowcontrol.controller.AuthController.getCurrentSysUser(AuthController.java:212)
	at com.flowcontrol.controller.AuthController.getCurrentUser(AuthController.java:148)
	at sun.reflect.NativeMethodAccessorImpl.invoke0(Native Method)
	at sun.reflect.NativeMethodAccessorImpl.invoke(NativeMethodAccessorImpl.java:62)
	at sun.reflect.DelegatingMethodAccessorImpl.invoke(DelegatingMethodAccessorImpl.java:43)
	at java.lang.reflect.Method.invoke(Method.java:498)
	at org.springframework.web.method.support.InvocableHandlerMethod.doInvoke(InvocableHandlerMethod.java:205)
	at org.springframework.web.method.support.InvocableHandlerMethod.invokeForRequest(InvocableHandlerMethod.java:150)
	at org.springframework.web.servlet.mvc.method.annotation.ServletInvocableHandlerMethod.invokeAndHandle(ServletInvocableHandlerMethod.java:117)
	at org.springframework.web.servlet.mvc.method.annotation.RequestMappingHandlerAdapter.invokeHandlerMethod(RequestMappingHandlerAdapter.java:895)
	at org.springframework.web.servlet.mvc.method.annotation.RequestMappingHandlerAdapter.handleInternal(RequestMappingHandlerAdapter.java:808)
	at org.springframework.web.servlet.mvc.method.AbstractHandlerMethodAdapter.handle(AbstractHandlerMethodAdapter.java:87)
	at org.springframework.web.servlet.DispatcherServlet.doDispatch(DispatcherServlet.java:1072)
	at org.springframework.web.servlet.DispatcherServlet.doService(DispatcherServlet.java:965)
	at org.springframework.web.servlet.FrameworkServlet.processRequest(FrameworkServlet.java:1006)
	at org.springframework.web.servlet.FrameworkServlet.doGet(FrameworkServlet.java:898)
	at javax.servlet.http.HttpServlet.service(HttpServlet.java:529)
	at org.springframework.web.servlet.FrameworkServlet.service(FrameworkServlet.java:883)
	at javax.servlet.http.HttpServlet.service(HttpServlet.java:623)
	at org.apache.catalina.core.ApplicationFilterChain.internalDoFilter(ApplicationFilterChain.java:209)
	at org.apache.catalina.core.ApplicationFilterChain.doFilter(ApplicationFilterChain.java:153)
	at org.apache.tomcat.websocket.server.WsFilter.doFilter(WsFilter.java:51)
	at org.apache.catalina.core.ApplicationFilterChain.internalDoFilter(ApplicationFilterChain.java:178)
	at org.apache.catalina.core.ApplicationFilterChain.doFilter(ApplicationFilterChain.java:153)
	at com.flowcontrol.filter.LoginRateLimitFilter.doFilter(LoginRateLimitFilter.java:49)
	at org.apache.catalina.core.ApplicationFilterChain.internalDoFilter(ApplicationFilterChain.java:178)
	at org.apache.catalina.core.ApplicationFilterChain.doFilter(ApplicationFilterChain.java:153)
	at org.springframework.web.filter.OncePerRequestFilter.doFilter(OncePerRequestFilter.java:111)
	at org.apache.catalina.core.ApplicationFilterChain.internalDoFilter(ApplicationFilterChain.java:178)
	at org.apache.catalina.core.ApplicationFilterChain.doFilter(ApplicationFilterChain.java:153)
	at org.springframework.security.web.FilterChainProxy$VirtualFilterChain.doFilter(FilterChainProxy.java:337)
	at org.springframework.security.web.access.intercept.AuthorizationFilter.doFilter(AuthorizationFilter.java:96)
	at org.springframework.security.web.FilterChainProxy$VirtualFilterChain.doFilter(FilterChainProxy.java:346)
	at org.springframework.security.web.access.ExceptionTranslationFilter.doFilter(ExceptionTranslationFilter.java:122)
	at org.springframework.security.web.access.ExceptionTranslationFilter.doFilter(ExceptionTranslationFilter.java:116)
	at org.springframework.security.web.FilterChainProxy$VirtualFilterChain.doFilter(FilterChainProxy.java:346)
	at org.springframework.security.web.session.SessionManagementFilter.doFilter(SessionManagementFilter.java:126)
	at org.springframework.security.web.session.SessionManagementFilter.doFilter(SessionManagementFilter.java:81)
	at org.springframework.security.web.FilterChainProxy$VirtualFilterChain.doFilter(FilterChainProxy.java:346)
	at org.springframework.security.web.authentication.AnonymousAuthenticationFilter.doFilter(AnonymousAuthenticationFilter.java:109)
	at org.springframework.security.web.FilterChainProxy$VirtualFilterChain.doFilter(FilterChainProxy.java:346)
	at org.springframework.security.web.servletapi.SecurityContextHolderAwareRequestFilter.doFilter(SecurityContextHolderAwareRequestFilter.java:149)
	at org.springframework.security.web.FilterChainProxy$VirtualFilterChain.doFilter(FilterChainProxy.java:346)
	at org.springframework.security.web.savedrequest.RequestCacheAwareFilter.doFilter(RequestCacheAwareFilter.java:63)
	at org.springframework.security.web.FilterChainProxy$VirtualFilterChain.doFilter(FilterChainProxy.java:346)
	at com.flowcontrol.filter.ApiAccessAuditFilter.doFilter(ApiAccessAuditFilter.java:80)
	at org.springframework.security.web.FilterChainProxy$VirtualFilterChain.doFilter(FilterChainProxy.java:346)
	at com.flowcontrol.filter.JwtAuthFilter.doFilterInternal(JwtAuthFilter.java:87)
	at org.springframework.web.filter.OncePerRequestFilter.doFilter(OncePerRequestFilter.java:117)
	at org.springframework.security.web.FilterChainProxy$VirtualFilterChain.doFilter(FilterChainProxy.java:346)
	at com.flowcontrol.filter.LoginRateLimitFilter.doFilter(LoginRateLimitFilter.java:49)
	at org.springframework.security.web.FilterChainProxy$VirtualFilterChain.doFilter(FilterChainProxy.java:346)
	at com.flowcontrol.filter.SecurityHeadersFilter.doFilter(SecurityHeadersFilter.java:42)
	at org.springframework.security.web.FilterChainProxy$VirtualFilterChain.doFilter(FilterChainProxy.java:346)
	at org.springframework.web.filter.CharacterEncodingFilter.doFilterInternal(CharacterEncodingFilter.java:201)
	at org.springframework.web.filter.OncePerRequestFilter.doFilter(OncePerRequestFilter.java:117)
	at org.springframework.security.web.FilterChainProxy$VirtualFilterChain.doFilter(FilterChainProxy.java:346)
	at org.springframework.security.web.authentication.logout.LogoutFilter.doFilter(LogoutFilter.java:103)
	at org.springframework.security.web.authentication.logout.LogoutFilter.doFilter(LogoutFilter.java:89)
	at org.springframework.security.web.FilterChainProxy$VirtualFilterChain.doFilter(FilterChainProxy.java:346)
	at org.springframework.security.web.header.HeaderWriterFilter.doHeadersAfter(HeaderWriterFilter.java:90)
	at org.springframework.security.web.header.HeaderWriterFilter.doFilterInternal(HeaderWriterFilter.java:75)
	at org.springframework.web.filter.OncePerRequestFilter.doFilter(OncePerRequestFilter.java:117)
	at org.springframework.security.web.FilterChainProxy$VirtualFilterChain.doFilter(FilterChainProxy.java:346)
	at org.springframework.security.web.context.SecurityContextPersistenceFilter.doFilter(SecurityContextPersistenceFilter.java:112)
	at org.springframework.security.web.context.SecurityContextPersistenceFilter.doFilter(SecurityContextPersistenceFilter.java:82)
	at org.springframework.security.web.FilterChainProxy$VirtualFilterChain.doFilter(FilterChainProxy.java:346)
	at org.springframework.security.web.context.request.async.WebAsyncManagerIntegrationFilter.doFilterInternal(WebAsyncManagerIntegrationFilter.java:55)
	at org.springframework.web.filter.OncePerRequestFilter.doFilter(OncePerRequestFilter.java:117)
	at org.springframework.security.web.FilterChainProxy$VirtualFilterChain.doFilter(FilterChainProxy.java:346)
	at org.springframework.security.web.session.DisableEncodeUrlFilter.doFilterInternal(DisableEncodeUrlFilter.java:42)
	at org.springframework.web.filter.OncePerRequestFilter.doFilter(OncePerRequestFilter.java:117)
	at org.springframework.security.web.FilterChainProxy$VirtualFilterChain.doFilter(FilterChainProxy.java:346)
	at org.springframework.security.web.FilterChainProxy.doFilterInternal(FilterChainProxy.java:221)
	at org.springframework.security.web.FilterChainProxy.doFilter(FilterChainProxy.java:186)
	at org.springframework.web.filter.DelegatingFilterProxy.invokeDelegate(DelegatingFilterProxy.java:354)
	at org.springframework.web.filter.DelegatingFilterProxy.doFilter(DelegatingFilterProxy.java:267)
	at org.apache.catalina.core.ApplicationFilterChain.internalDoFilter(ApplicationFilterChain.java:178)
	at org.apache.catalina.core.ApplicationFilterChain.doFilter(ApplicationFilterChain.java:153)
	at org.springframework.web.filter.RequestContextFilter.doFilterInternal(RequestContextFilter.java:100)
	at org.springframework.web.filter.OncePerRequestFilter.doFilter(OncePerRequestFilter.java:117)
	at org.apache.catalina.core.ApplicationFilterChain.internalDoFilter(ApplicationFilterChain.java:178)
	at org.apache.catalina.core.ApplicationFilterChain.doFilter(ApplicationFilterChain.java:153)
	at org.springframework.web.filter.FormContentFilter.doFilterInternal(FormContentFilter.java:93)
	at org.springframework.web.filter.OncePerRequestFilter.doFilter(OncePerRequestFilter.java:117)
	at org.apache.catalina.core.ApplicationFilterChain.internalDoFilter(ApplicationFilterChain.java:178)
	at org.apache.catalina.core.ApplicationFilterChain.doFilter(ApplicationFilterChain.java:153)
	at com.flowcontrol.filter.ApiAccessAuditFilter.doFilter(ApiAccessAuditFilter.java:80)
	at org.apache.catalina.core.ApplicationFilterChain.internalDoFilter(ApplicationFilterChain.java:178)
	at org.apache.catalina.core.ApplicationFilterChain.doFilter(ApplicationFilterChain.java:153)
	at org.springframework.boot.actuate.metrics.web.servlet.WebMvcMetricsFilter.doFilterInternal(WebMvcMetricsFilter.java:96)
	at org.springframework.web.filter.OncePerRequestFilter.doFilter(OncePerRequestFilter.java:117)
	at org.apache.catalina.core.ApplicationFilterChain.internalDoFilter(ApplicationFilterChain.java:178)
	at org.apache.catalina.core.ApplicationFilterChain.doFilter(ApplicationFilterChain.java:153)
	at org.springframework.web.filter.CharacterEncodingFilter.doFilterInternal(CharacterEncodingFilter.java:201)
	at org.springframework.web.filter.OncePerRequestFilter.doFilter(OncePerRequestFilter.java:117)
	at org.apache.catalina.core.ApplicationFilterChain.internalDoFilter(ApplicationFilterChain.java:178)
	at org.apache.catalina.core.ApplicationFilterChain.doFilter(ApplicationFilterChain.java:153)
	at com.flowcontrol.filter.SecurityHeadersFilter.doFilter(SecurityHeadersFilter.java:42)
	at org.apache.catalina.core.ApplicationFilterChain.internalDoFilter(ApplicationFilterChain.java:178)
	at org.apache.catalina.core.ApplicationFilterChain.doFilter(ApplicationFilterChain.java:153)
	at org.apache.catalina.core.StandardWrapperValve.invoke(StandardWrapperValve.java:168)
	at org.apache.catalina.core.StandardContextValve.invoke(StandardContextValve.java:90)
	at org.apache.catalina.authenticator.AuthenticatorBase.invoke(AuthenticatorBase.java:481)
	at org.apache.catalina.core.StandardHostValve.invoke(StandardHostValve.java:130)
	at org.apache.catalina.valves.ErrorReportValve.invoke(ErrorReportValve.java:93)
	at org.apache.catalina.core.StandardEngineValve.invoke(StandardEngineValve.java:74)
	at org.apache.catalina.connector.CoyoteAdapter.service(CoyoteAdapter.java:342)
	at org.apache.coyote.http11.Http11Processor.service(Http11Processor.java:390)
	at org.apache.coyote.AbstractProcessorLight.process(AbstractProcessorLight.java:63)
	at org.apache.coyote.AbstractProtocol$ConnectionHandler.process(AbstractProtocol.java:928)
	at org.apache.tomcat.util.net.NioEndpoint$SocketProcessor.doRun(NioEndpoint.java:1794)
	at org.apache.tomcat.util.net.SocketProcessorBase.run(SocketProcessorBase.java:52)
	at org.apache.tomcat.util.threads.ThreadPoolExecutor.runWorker(ThreadPoolExecutor.java:1191)
	at org.apache.tomcat.util.threads.ThreadPoolExecutor$Worker.run(ThreadPoolExecutor.java:659)
	at org.apache.tomcat.util.threads.TaskThread$WrappingRunnable.run(TaskThread.java:61)
	at java.lang.Thread.run(Thread.java:748)
2026-06-13 16:56:34.903 [http-nio-8080-exec-9] INFO  c.f.filter.ApiAccessAuditFilter - [API-AUDIT] rid=16 method=GET path=/api/auth/current ip=0:0:0:0:0:0:0:1 status=500 duration=74ms ua="Mozilla/5.0 (Windows NT 10.0; Win64; x64) AppleWeb..." 错误响应
2026-06-13 16:56:34.903 [http-nio-8080-exec-9] INFO  c.f.filter.ApiAccessAuditFilter - [API-AUDIT] rid=14 method=GET path=/api/auth/current ip=0:0:0:0:0:0:0:1 status=500 duration=79ms ua="Mozilla/5.0 (Windows NT 10.0; Win64; x64) AppleWeb..." 错误响应
2026-06-13 16:56:34.908 [http-nio-8080-exec-5] DEBUG org.hibernate.SQL - 
    /* SELECT
        a 
    FROM
        Announcement a 
    WHERE
        a.status = 'PUBLISHED' 
        AND (
            a.expireTime IS NULL 
            OR a.expireTime > :now
        ) 
    ORDER BY
        a.priority DESC,
        a.publishTime DESC */ select
            announceme0_.id as id1_0_,
            announceme0_.create_time as create_t2_0_,
            announceme0_.update_time as update_t3_0_,
            announceme0_.content as content4_0_,
            announceme0_.create_user_id as create_u5_0_,
            announceme0_.expire_time as expire_t6_0_,
            announceme0_.priority as priority7_0_,
            announceme0_.publish_time as publish_8_0_,
            announceme0_.publisher as publishe9_0_,
            announceme0_.status as status10_0_,
            announceme0_.summary as summary11_0_,
            announceme0_.title as title12_0_,
            announceme0_.view_count as view_co13_0_ 
        from
            announcement announceme0_ 
        where
            announceme0_.status='PUBLISHED' 
            and (
                announceme0_.expire_time is null 
                or announceme0_.expire_time>?
            ) 
        order by
            announceme0_.priority DESC,
            announceme0_.publish_time DESC limit ?
2026-06-13 16:56:34.910 [http-nio-8080-exec-5] TRACE o.h.type.descriptor.sql.BasicBinder - binding parameter [1] as [TIMESTAMP] - [2026-06-13T16:56:34.888]
2026-06-13 16:56:35.262 [http-nio-8080-exec-7] WARN  com.flowcontrol.util.JwtUtil - Token已过期: JWT expired at 2026-06-11T06:16:35Z. Current time: 2026-06-13T08:56:35Z, a difference of 182400262 milliseconds.  Allowed clock skew: 0 milliseconds.
2026-06-13 16:56:35.262 [http-nio-8080-exec-2] WARN  com.flowcontrol.util.JwtUtil - Token已过期: JWT expired at 2026-06-11T06:16:35Z. Current time: 2026-06-13T08:56:35Z, a difference of 182400262 milliseconds.  Allowed clock skew: 0 milliseconds.
2026-06-13 16:56:35.263 [http-nio-8080-exec-2] INFO  c.f.filter.ApiAccessAuditFilter - [API-AUDIT] rid=24 method=GET path=/api/monitor/trend ip=0:0:0:0:0:0:0:1 status=401 duration=0ms ua="Mozilla/5.0 (Windows NT 10.0; Win64; x64) AppleWeb..." 错误响应
2026-06-13 16:56:35.263 [http-nio-8080-exec-7] INFO  c.f.filter.ApiAccessAuditFilter - [API-AUDIT] rid=23 method=GET path=/api/device/statistics ip=0:0:0:0:0:0:0:1 status=401 duration=0ms ua="Mozilla/5.0 (Windows NT 10.0; Win64; x64) AppleWeb..." 错误响应
2026-06-13 16:56:35.263 [http-nio-8080-exec-2] INFO  c.f.filter.ApiAccessAuditFilter - [API-AUDIT] rid=21 method=GET path=/api/monitor/trend ip=0:0:0:0:0:0:0:1 status=401 duration=4ms ua="Mozilla/5.0 (Windows NT 10.0; Win64; x64) AppleWeb..." 错误响应
2026-06-13 16:56:35.263 [http-nio-8080-exec-7] INFO  c.f.filter.ApiAccessAuditFilter - [API-AUDIT] rid=22 method=GET path=/api/device/statistics ip=0:0:0:0:0:0:0:1 status=401 duration=4ms ua="Mozilla/5.0 (Windows NT 10.0; Win64; x64) AppleWeb..." 错误响应
2026-06-13 16:56:41.623 [http-nio-8080-exec-8] WARN  c.f.filter.LoginRateLimitFilter - Redis限流检查失败，跳过限流: Unable to connect to Redis; nested exception is io.lettuce.core.RedisConnectionException: Unable to connect to localhost:6379
2026-06-13 16:56:43.657 [http-nio-8080-exec-8] WARN  c.f.filter.LoginRateLimitFilter - Redis限流检查失败，跳过限流: Unable to connect to Redis; nested exception is io.lettuce.core.RedisConnectionException: Unable to connect to localhost:6379
2026-06-13 16:56:45.730 [http-nio-8080-exec-8] WARN  c.f.filter.LoginRateLimitFilter - Redis限流检查失败，跳过限流: Unable to connect to Redis; nested exception is io.lettuce.core.RedisConnectionException: Unable to connect to localhost:6379
2026-06-13 16:56:45.812 [http-nio-8080-exec-8] DEBUG org.hibernate.SQL - 
    /* select
        generatedAlias0 
    from
        SysUser as generatedAlias0 
    where
        (
            generatedAlias0.username=:param0 
        ) 
        and (
            generatedAlias0.status=:param1 
        ) */ select
            sysuser0_.id as id1_5_,
            sysuser0_.create_time as create_t2_5_,
            sysuser0_.update_time as update_t3_5_,
            sysuser0_.avatar as avatar4_5_,
            sysuser0_.email as email5_5_,
            sysuser0_.last_login_ip as last_log6_5_,
            sysuser0_.last_login_time as last_log7_5_,
            sysuser0_.nickname as nickname8_5_,
            sysuser0_.password as password9_5_,
            sysuser0_.phone as phone10_5_,
            sysuser0_.role as role11_5_,
            sysuser0_.status as status12_5_,
            sysuser0_.username as usernam13_5_ 
        from
            sys_user sysuser0_ 
        where
            sysuser0_.username=? 
            and sysuser0_.status=?
2026-06-13 16:56:45.814 [http-nio-8080-exec-8] TRACE o.h.type.descriptor.sql.BasicBinder - binding parameter [1] as [VARCHAR] - [admin]
2026-06-13 16:56:45.815 [http-nio-8080-exec-8] TRACE o.h.type.descriptor.sql.BasicBinder - binding parameter [2] as [INTEGER] - [1]
2026-06-13 16:56:47.916 [http-nio-8080-exec-8] WARN  c.f.filter.LoginRateLimitFilter - Redis限流清除失败: Unable to connect to Redis; nested exception is io.lettuce.core.RedisConnectionException: Unable to connect to localhost:6379
2026-06-13 16:56:47.917 [http-nio-8080-exec-8] INFO  c.f.controller.AuthController - 用户登录成功: username=admin, role=ADMIN, ip=0:0:0:0:0:0:0:1
2026-06-13 16:56:47.937 [http-nio-8080-exec-8] DEBUG org.hibernate.SQL - 
    select
        sysuser0_.id as id1_5_0_,
        sysuser0_.create_time as create_t2_5_0_,
        sysuser0_.update_time as update_t3_5_0_,
        sysuser0_.avatar as avatar4_5_0_,
        sysuser0_.email as email5_5_0_,
        sysuser0_.last_login_ip as last_log6_5_0_,
        sysuser0_.last_login_time as last_log7_5_0_,
        sysuser0_.nickname as nickname8_5_0_,
        sysuser0_.password as password9_5_0_,
        sysuser0_.phone as phone10_5_0_,
        sysuser0_.role as role11_5_0_,
        sysuser0_.status as status12_5_0_,
        sysuser0_.username as usernam13_5_0_ 
    from
        sys_user sysuser0_ 
    where
        sysuser0_.id=?
2026-06-13 16:56:47.938 [http-nio-8080-exec-8] TRACE o.h.type.descriptor.sql.BasicBinder - binding parameter [1] as [BIGINT] - [1]
2026-06-13 16:56:47.945 [http-nio-8080-exec-8] DEBUG org.hibernate.SQL - 
    /* update
        com.flowcontrol.entity.SysUser */ update
            sys_user 
        set
            update_time=?,
            avatar=?,
            email=?,
            last_login_ip=?,
            last_login_time=?,
            nickname=?,
            password=?,
            phone=?,
            role=?,
            status=?,
            username=? 
        where
            id=?
2026-06-13 16:56:47.946 [http-nio-8080-exec-8] TRACE o.h.type.descriptor.sql.BasicBinder - binding parameter [1] as [TIMESTAMP] - [2026-06-13T16:56:47.945]
2026-06-13 16:56:47.946 [http-nio-8080-exec-8] TRACE o.h.type.descriptor.sql.BasicBinder - binding parameter [2] as [VARCHAR] - [null]
2026-06-13 16:56:47.946 [http-nio-8080-exec-8] TRACE o.h.type.descriptor.sql.BasicBinder - binding parameter [3] as [VARCHAR] - [admin@flowcontrol.com]
2026-06-13 16:56:47.946 [http-nio-8080-exec-8] TRACE o.h.type.descriptor.sql.BasicBinder - binding parameter [4] as [VARCHAR] - [0:0:0:0:0:0:0:1]
2026-06-13 16:56:47.947 [http-nio-8080-exec-8] TRACE o.h.type.descriptor.sql.BasicBinder - binding parameter [5] as [TIMESTAMP] - [2026-06-13T16:56:47.944]
2026-06-13 16:56:47.947 [http-nio-8080-exec-8] TRACE o.h.type.descriptor.sql.BasicBinder - binding parameter [6] as [VARCHAR] - [系统管理员]
2026-06-13 16:56:47.947 [http-nio-8080-exec-8] TRACE o.h.type.descriptor.sql.BasicBinder - binding parameter [7] as [VARCHAR] - [$2a$10$noylKSLn7HX3Auuf6hP1WegQqlmCWHz9YRG/Mt4pefzKg7uzWp81.]
2026-06-13 16:56:47.947 [http-nio-8080-exec-8] TRACE o.h.type.descriptor.sql.BasicBinder - binding parameter [8] as [VARCHAR] - [null]
2026-06-13 16:56:47.947 [http-nio-8080-exec-8] TRACE o.h.type.descriptor.sql.BasicBinder - binding parameter [9] as [VARCHAR] - [ADMIN]
2026-06-13 16:56:47.947 [http-nio-8080-exec-8] TRACE o.h.type.descriptor.sql.BasicBinder - binding parameter [10] as [INTEGER] - [1]
2026-06-13 16:56:47.947 [http-nio-8080-exec-8] TRACE o.h.type.descriptor.sql.BasicBinder - binding parameter [11] as [VARCHAR] - [admin]
2026-06-13 16:56:47.947 [http-nio-8080-exec-8] TRACE o.h.type.descriptor.sql.BasicBinder - binding parameter [12] as [BIGINT] - [1]
2026-06-13 16:56:47.952 [http-nio-8080-exec-8] INFO  c.f.filter.ApiAccessAuditFilter - [API-AUDIT] rid=26 method=POST path=/api/auth/login ip=0:0:0:0:0:0:0:1 status=200 duration=6328ms ua="Mozilla/5.0 (Windows NT 10.0; Win64; x64) AppleWeb..." action=敏感操作 慢请求!
2026-06-13 16:56:47.952 [http-nio-8080-exec-8] INFO  c.f.filter.ApiAccessAuditFilter - [API-AUDIT] rid=25 method=POST path=/api/auth/login ip=0:0:0:0:0:0:0:1 status=200 duration=8374ms ua="Mozilla/5.0 (Windows NT 10.0; Win64; x64) AppleWeb..." action=敏感操作 慢请求!
2026-06-13 16:56:48.053 [http-nio-8080-exec-10] DEBUG org.hibernate.SQL - 
    select
        sysuser0_.id as id1_5_0_,
        sysuser0_.create_time as create_t2_5_0_,
        sysuser0_.update_time as update_t3_5_0_,
        sysuser0_.avatar as avatar4_5_0_,
        sysuser0_.email as email5_5_0_,
        sysuser0_.last_login_ip as last_log6_5_0_,
        sysuser0_.last_login_time as last_log7_5_0_,
        sysuser0_.nickname as nickname8_5_0_,
        sysuser0_.password as password9_5_0_,
        sysuser0_.phone as phone10_5_0_,
        sysuser0_.role as role11_5_0_,
        sysuser0_.status as status12_5_0_,
        sysuser0_.username as usernam13_5_0_ 
    from
        sys_user sysuser0_ 
    where
        sysuser0_.id=?
2026-06-13 16:56:48.053 [http-nio-8080-exec-6] DEBUG org.hibernate.SQL - 
    select
        sysuser0_.id as id1_5_0_,
        sysuser0_.create_time as create_t2_5_0_,
        sysuser0_.update_time as update_t3_5_0_,
        sysuser0_.avatar as avatar4_5_0_,
        sysuser0_.email as email5_5_0_,
        sysuser0_.last_login_ip as last_log6_5_0_,
        sysuser0_.last_login_time as last_log7_5_0_,
        sysuser0_.nickname as nickname8_5_0_,
        sysuser0_.password as password9_5_0_,
        sysuser0_.phone as phone10_5_0_,
        sysuser0_.role as role11_5_0_,
        sysuser0_.status as status12_5_0_,
        sysuser0_.username as usernam13_5_0_ 
    from
        sys_user sysuser0_ 
    where
        sysuser0_.id=?
2026-06-13 16:56:48.053 [http-nio-8080-exec-3] DEBUG org.hibernate.SQL - 
    select
        sysuser0_.id as id1_5_0_,
        sysuser0_.create_time as create_t2_5_0_,
        sysuser0_.update_time as update_t3_5_0_,
        sysuser0_.avatar as avatar4_5_0_,
        sysuser0_.email as email5_5_0_,
        sysuser0_.last_login_ip as last_log6_5_0_,
        sysuser0_.last_login_time as last_log7_5_0_,
        sysuser0_.nickname as nickname8_5_0_,
        sysuser0_.password as password9_5_0_,
        sysuser0_.phone as phone10_5_0_,
        sysuser0_.role as role11_5_0_,
        sysuser0_.status as status12_5_0_,
        sysuser0_.username as usernam13_5_0_ 
    from
        sys_user sysuser0_ 
    where
        sysuser0_.id=?
2026-06-13 16:56:48.053 [http-nio-8080-exec-4] DEBUG org.hibernate.SQL - 
    select
        sysuser0_.id as id1_5_0_,
        sysuser0_.create_time as create_t2_5_0_,
        sysuser0_.update_time as update_t3_5_0_,
        sysuser0_.avatar as avatar4_5_0_,
        sysuser0_.email as email5_5_0_,
        sysuser0_.last_login_ip as last_log6_5_0_,
        sysuser0_.last_login_time as last_log7_5_0_,
        sysuser0_.nickname as nickname8_5_0_,
        sysuser0_.password as password9_5_0_,
        sysuser0_.phone as phone10_5_0_,
        sysuser0_.role as role11_5_0_,
        sysuser0_.status as status12_5_0_,
        sysuser0_.username as usernam13_5_0_ 
    from
        sys_user sysuser0_ 
    where
        sysuser0_.id=?
2026-06-13 16:56:48.053 [http-nio-8080-exec-10] TRACE o.h.type.descriptor.sql.BasicBinder - binding parameter [1] as [BIGINT] - [1]
2026-06-13 16:56:48.053 [http-nio-8080-exec-6] TRACE o.h.type.descriptor.sql.BasicBinder - binding parameter [1] as [BIGINT] - [1]
2026-06-13 16:56:48.053 [http-nio-8080-exec-3] TRACE o.h.type.descriptor.sql.BasicBinder - binding parameter [1] as [BIGINT] - [1]
2026-06-13 16:56:48.053 [http-nio-8080-exec-1] DEBUG org.hibernate.SQL - 
    select
        sysuser0_.id as id1_5_0_,
        sysuser0_.create_time as create_t2_5_0_,
        sysuser0_.update_time as update_t3_5_0_,
        sysuser0_.avatar as avatar4_5_0_,
        sysuser0_.email as email5_5_0_,
        sysuser0_.last_login_ip as last_log6_5_0_,
        sysuser0_.last_login_time as last_log7_5_0_,
        sysuser0_.nickname as nickname8_5_0_,
        sysuser0_.password as password9_5_0_,
        sysuser0_.phone as phone10_5_0_,
        sysuser0_.role as role11_5_0_,
        sysuser0_.status as status12_5_0_,
        sysuser0_.username as usernam13_5_0_ 
    from
        sys_user sysuser0_ 
    where
        sysuser0_.id=?
2026-06-13 16:56:48.053 [http-nio-8080-exec-4] TRACE o.h.type.descriptor.sql.BasicBinder - binding parameter [1] as [BIGINT] - [1]
2026-06-13 16:56:48.054 [http-nio-8080-exec-1] TRACE o.h.type.descriptor.sql.BasicBinder - binding parameter [1] as [BIGINT] - [1]
2026-06-13 16:56:48.060 [http-nio-8080-exec-10] DEBUG com.flowcontrol.filter.JwtAuthFilter - JWT认证成功: userId=1, username=admin
2026-06-13 16:56:48.061 [http-nio-8080-exec-6] DEBUG com.flowcontrol.filter.JwtAuthFilter - JWT认证成功: userId=1, username=admin
2026-06-13 16:56:48.063 [http-nio-8080-exec-4] DEBUG com.flowcontrol.filter.JwtAuthFilter - JWT认证成功: userId=1, username=admin
2026-06-13 16:56:48.063 [http-nio-8080-exec-1] DEBUG com.flowcontrol.filter.JwtAuthFilter - JWT认证成功: userId=1, username=admin
2026-06-13 16:56:48.063 [http-nio-8080-exec-3] DEBUG com.flowcontrol.filter.JwtAuthFilter - JWT认证成功: userId=1, username=admin
2026-06-13 16:56:48.084 [http-nio-8080-exec-10] DEBUG org.hibernate.SQL - 
    /* select
        count(*) 
    from
        Announcement x */ select
            count(*) as col_0_0_ 
        from
            announcement announceme0_
2026-06-13 16:56:48.091 [http-nio-8080-exec-6] DEBUG org.hibernate.SQL - 
    /* SELECT
        MAX(s.cpuUsage) 
    FROM
        ServerPeak s 
    WHERE
        s.peakTime BETWEEN :start AND :end */ select
            max(serverpeak0_.cpu_usage) as col_0_0_ 
        from
            server_peak serverpeak0_ 
        where
            serverpeak0_.peak_time between ? and ?
2026-06-13 16:56:48.091 [http-nio-8080-exec-1] DEBUG org.hibernate.SQL - 
    /* SELECT
        MAX(m.trafficValue) 
    FROM
        MonitorRecord m 
    WHERE
        m.recordTime BETWEEN :start AND :end */ select
            max(monitorrec0_.traffic_value) as col_0_0_ 
        from
            monitor_record monitorrec0_ 
        where
            monitorrec0_.record_time between ? and ?
2026-06-13 16:56:48.092 [http-nio-8080-exec-6] TRACE o.h.type.descriptor.sql.BasicBinder - binding parameter [1] as [TIMESTAMP] - [2026-06-06T16:56:48.086]
2026-06-13 16:56:48.092 [http-nio-8080-exec-1] TRACE o.h.type.descriptor.sql.BasicBinder - binding parameter [1] as [TIMESTAMP] - [2026-06-06T16:56:48.086]
2026-06-13 16:56:48.092 [http-nio-8080-exec-1] TRACE o.h.type.descriptor.sql.BasicBinder - binding parameter [2] as [TIMESTAMP] - [2026-06-13T16:56:48.086]
2026-06-13 16:56:48.092 [http-nio-8080-exec-6] TRACE o.h.type.descriptor.sql.BasicBinder - binding parameter [2] as [TIMESTAMP] - [2026-06-13T16:56:48.086]
2026-06-13 16:56:48.092 [http-nio-8080-exec-4] DEBUG org.hibernate.SQL - 
    /* select
        count(generatedAlias0) 
    from
        TrafficPlan as generatedAlias0 
    where
        generatedAlias0.status=:param0 */ select
            count(trafficpla0_.id) as col_0_0_ 
        from
            traffic_plan trafficpla0_ 
        where
            trafficpla0_.status=?
2026-06-13 16:56:48.092 [http-nio-8080-exec-10] DEBUG org.hibernate.SQL - 
    /* select
        count(generatedAlias0) 
    from
        Announcement as generatedAlias0 
    where
        generatedAlias0.status=:param0 */ select
            count(announceme0_.id) as col_0_0_ 
        from
            announcement announceme0_ 
        where
            announceme0_.status=?
2026-06-13 16:56:48.092 [http-nio-8080-exec-3] DEBUG org.hibernate.SQL - 
    /* select
        count(generatedAlias0) 
    from
        DeviceUsage as generatedAlias0 
    where
        generatedAlias0.status=:param0 */ select
            count(deviceusag0_.id) as col_0_0_ 
        from
            device_usage deviceusag0_ 
        where
            deviceusag0_.status=?
2026-06-13 16:56:48.092 [http-nio-8080-exec-4] TRACE o.h.type.descriptor.sql.BasicBinder - binding parameter [1] as [VARCHAR] - [ACTIVE]
2026-06-13 16:56:48.093 [http-nio-8080-exec-10] TRACE o.h.type.descriptor.sql.BasicBinder - binding parameter [1] as [VARCHAR] - [PUBLISHED]
2026-06-13 16:56:48.093 [http-nio-8080-exec-3] TRACE o.h.type.descriptor.sql.BasicBinder - binding parameter [1] as [VARCHAR] - [ONLINE]
2026-06-13 16:56:48.095 [http-nio-8080-exec-10] DEBUG org.hibernate.SQL - 
    /* select
        count(generatedAlias0) 
    from
        Announcement as generatedAlias0 
    where
        generatedAlias0.status=:param0 */ select
            count(announceme0_.id) as col_0_0_ 
        from
            announcement announceme0_ 
        where
            announceme0_.status=?
2026-06-13 16:56:48.096 [http-nio-8080-exec-10] TRACE o.h.type.descriptor.sql.BasicBinder - binding parameter [1] as [VARCHAR] - [DRAFT]
2026-06-13 16:56:48.106 [http-nio-8080-exec-3] DEBUG org.hibernate.SQL - 
    /* select
        count(generatedAlias0) 
    from
        DeviceUsage as generatedAlias0 
    where
        generatedAlias0.status=:param0 */ select
            count(deviceusag0_.id) as col_0_0_ 
        from
            device_usage deviceusag0_ 
        where
            deviceusag0_.status=?
2026-06-13 16:56:48.107 [http-nio-8080-exec-3] TRACE o.h.type.descriptor.sql.BasicBinder - binding parameter [1] as [VARCHAR] - [OFFLINE]
2026-06-13 16:56:48.107 [http-nio-8080-exec-4] DEBUG org.hibernate.SQL - 
    /* select
        count(generatedAlias0) 
    from
        TrafficPlan as generatedAlias0 
    where
        generatedAlias0.status=:param0 */ select
            count(trafficpla0_.id) as col_0_0_ 
        from
            traffic_plan trafficpla0_ 
        where
            trafficpla0_.status=?
2026-06-13 16:56:48.109 [http-nio-8080-exec-4] TRACE o.h.type.descriptor.sql.BasicBinder - binding parameter [1] as [VARCHAR] - [INACTIVE]
2026-06-13 16:56:48.109 [http-nio-8080-exec-1] DEBUG org.hibernate.SQL - 
    /* SELECT
        AVG(m.trafficValue) 
    FROM
        MonitorRecord m 
    WHERE
        m.recordTime BETWEEN :start AND :end */ select
            avg(monitorrec0_.traffic_value) as col_0_0_ 
        from
            monitor_record monitorrec0_ 
        where
            monitorrec0_.record_time between ? and ?
2026-06-13 16:56:48.109 [http-nio-8080-exec-1] TRACE o.h.type.descriptor.sql.BasicBinder - binding parameter [1] as [TIMESTAMP] - [2026-06-06T16:56:48.086]
2026-06-13 16:56:48.110 [http-nio-8080-exec-1] TRACE o.h.type.descriptor.sql.BasicBinder - binding parameter [2] as [TIMESTAMP] - [2026-06-13T16:56:48.086]
2026-06-13 16:56:48.110 [http-nio-8080-exec-6] DEBUG org.hibernate.SQL - 
    /* select
        count(generatedAlias0) 
    from
        ServerPeak as generatedAlias0 
    where
        generatedAlias0.alertFlag=:param0 */ select
            count(serverpeak0_.id) as col_0_0_ 
        from
            server_peak serverpeak0_ 
        where
            serverpeak0_.alert_flag=?
2026-06-13 16:56:48.110 [http-nio-8080-exec-3] DEBUG org.hibernate.SQL - 
    /* SELECT
        d.deviceType,
        COUNT(d),
        SUM(d.onlineDuration),
        SUM(d.trafficUsed) 
    FROM
        DeviceUsage d 
    GROUP BY
        d.deviceType */ select
            deviceusag0_.device_type as col_0_0_,
            count(deviceusag0_.id) as col_1_0_,
            sum(deviceusag0_.online_duration) as col_2_0_,
            sum(deviceusag0_.traffic_used) as col_3_0_ 
        from
            device_usage deviceusag0_ 
        group by
            deviceusag0_.device_type
2026-06-13 16:56:48.110 [http-nio-8080-exec-4] DEBUG org.hibernate.SQL - 
    /* select
        count(generatedAlias0) 
    from
        TrafficPlan as generatedAlias0 
    where
        generatedAlias0.status=:param0 */ select
            count(trafficpla0_.id) as col_0_0_ 
        from
            traffic_plan trafficpla0_ 
        where
            trafficpla0_.status=?
2026-06-13 16:56:48.110 [http-nio-8080-exec-4] TRACE o.h.type.descriptor.sql.BasicBinder - binding parameter [1] as [VARCHAR] - [EXPIRED]
2026-06-13 16:56:48.110 [http-nio-8080-exec-6] TRACE o.h.type.descriptor.sql.BasicBinder - binding parameter [1] as [INTEGER] - [1]
2026-06-13 16:56:48.113 [http-nio-8080-exec-4] DEBUG org.hibernate.SQL - 
    /* select
        count(generatedAlias0) 
    from
        TrafficPlan as generatedAlias0 
    where
        generatedAlias0.priority=:param0 */ select
            count(trafficpla0_.id) as col_0_0_ 
        from
            traffic_plan trafficpla0_ 
        where
            trafficpla0_.priority=?
2026-06-13 16:56:48.113 [http-nio-8080-exec-6] DEBUG org.hibernate.SQL - 
    /* select
        generatedAlias0 
    from
        ServerPeak as generatedAlias0 
    where
        generatedAlias0.alertFlag=:param0 
    order by
        generatedAlias0.peakTime desc */ select
            serverpeak0_.id as id1_4_,
            serverpeak0_.create_time as create_t2_4_,
            serverpeak0_.update_time as update_t3_4_,
            serverpeak0_.alert_flag as alert_fl4_4_,
            serverpeak0_.alert_level as alert_le5_4_,
            serverpeak0_.cpu_usage as cpu_usag6_4_,
            serverpeak0_.description as descript7_4_,
            serverpeak0_.disk_usage as disk_usa8_4_,
            serverpeak0_.memory_usage as memory_u9_4_,
            serverpeak0_.network_in as network10_4_,
            serverpeak0_.network_out as network11_4_,
            serverpeak0_.peak_time as peak_ti12_4_,
            serverpeak0_.server_name as server_13_4_,
            serverpeak0_.threshold as thresho14_4_ 
        from
            server_peak serverpeak0_ 
        where
            serverpeak0_.alert_flag=? 
        order by
            serverpeak0_.peak_time desc
2026-06-13 16:56:48.113 [http-nio-8080-exec-1] DEBUG org.hibernate.SQL - 
    /* select
        count(generatedAlias0) 
    from
        MonitorRecord as generatedAlias0 
    where
        generatedAlias0.anomalyFlag=:param0 */ select
            count(monitorrec0_.id) as col_0_0_ 
        from
            monitor_record monitorrec0_ 
        where
            monitorrec0_.anomaly_flag=?
2026-06-13 16:56:48.114 [http-nio-8080-exec-1] TRACE o.h.type.descriptor.sql.BasicBinder - binding parameter [1] as [INTEGER] - [1]
2026-06-13 16:56:48.114 [http-nio-8080-exec-4] TRACE o.h.type.descriptor.sql.BasicBinder - binding parameter [1] as [VARCHAR] - [HIGH]
2026-06-13 16:56:48.114 [http-nio-8080-exec-6] TRACE o.h.type.descriptor.sql.BasicBinder - binding parameter [1] as [INTEGER] - [1]
2026-06-13 16:56:48.117 [http-nio-8080-exec-4] DEBUG org.hibernate.SQL - 
    /* select
        count(generatedAlias0) 
    from
        TrafficPlan as generatedAlias0 
    where
        generatedAlias0.priority=:param0 */ select
            count(trafficpla0_.id) as col_0_0_ 
        from
            traffic_plan trafficpla0_ 
        where
            trafficpla0_.priority=?
2026-06-13 16:56:48.117 [http-nio-8080-exec-4] TRACE o.h.type.descriptor.sql.BasicBinder - binding parameter [1] as [VARCHAR] - [MEDIUM]
2026-06-13 16:56:48.119 [http-nio-8080-exec-1] DEBUG org.hibernate.SQL - 
    /* select
        count(*) 
    from
        MonitorRecord x */ select
            count(*) as col_0_0_ 
        from
            monitor_record monitorrec0_
2026-06-13 16:56:48.120 [http-nio-8080-exec-4] DEBUG org.hibernate.SQL - 
    /* select
        count(generatedAlias0) 
    from
        TrafficPlan as generatedAlias0 
    where
        generatedAlias0.priority=:param0 */ select
            count(trafficpla0_.id) as col_0_0_ 
        from
            traffic_plan trafficpla0_ 
        where
            trafficpla0_.priority=?
2026-06-13 16:56:48.120 [http-nio-8080-exec-4] TRACE o.h.type.descriptor.sql.BasicBinder - binding parameter [1] as [VARCHAR] - [LOW]
2026-06-13 16:56:48.362 [http-nio-8080-exec-9] DEBUG org.hibernate.SQL - 
    select
        sysuser0_.id as id1_5_0_,
        sysuser0_.create_time as create_t2_5_0_,
        sysuser0_.update_time as update_t3_5_0_,
        sysuser0_.avatar as avatar4_5_0_,
        sysuser0_.email as email5_5_0_,
        sysuser0_.last_login_ip as last_log6_5_0_,
        sysuser0_.last_login_time as last_log7_5_0_,
        sysuser0_.nickname as nickname8_5_0_,
        sysuser0_.password as password9_5_0_,
        sysuser0_.phone as phone10_5_0_,
        sysuser0_.role as role11_5_0_,
        sysuser0_.status as status12_5_0_,
        sysuser0_.username as usernam13_5_0_ 
    from
        sys_user sysuser0_ 
    where
        sysuser0_.id=?
2026-06-13 16:56:48.363 [http-nio-8080-exec-9] TRACE o.h.type.descriptor.sql.BasicBinder - binding parameter [1] as [BIGINT] - [1]
2026-06-13 16:56:48.364 [http-nio-8080-exec-9] DEBUG com.flowcontrol.filter.JwtAuthFilter - JWT认证成功: userId=1, username=admin
2026-06-13 16:56:48.367 [http-nio-8080-exec-9] DEBUG org.hibernate.SQL - 
    /* select
        generatedAlias0 
    from
        ServerPeak as generatedAlias0 
    where
        generatedAlias0.alertFlag=:param0 
    order by
        generatedAlias0.peakTime desc */ select
            serverpeak0_.id as id1_4_,
            serverpeak0_.create_time as create_t2_4_,
            serverpeak0_.update_time as update_t3_4_,
            serverpeak0_.alert_flag as alert_fl4_4_,
            serverpeak0_.alert_level as alert_le5_4_,
            serverpeak0_.cpu_usage as cpu_usag6_4_,
            serverpeak0_.description as descript7_4_,
            serverpeak0_.disk_usage as disk_usa8_4_,
            serverpeak0_.memory_usage as memory_u9_4_,
            serverpeak0_.network_in as network10_4_,
            serverpeak0_.network_out as network11_4_,
            serverpeak0_.peak_time as peak_ti12_4_,
            serverpeak0_.server_name as server_13_4_,
            serverpeak0_.threshold as thresho14_4_ 
        from
            server_peak serverpeak0_ 
        where
            serverpeak0_.alert_flag=? 
        order by
            serverpeak0_.peak_time desc
2026-06-13 16:56:48.368 [http-nio-8080-exec-9] TRACE o.h.type.descriptor.sql.BasicBinder - binding parameter [1] as [INTEGER] - [1]
2026-06-13 16:56:48.422 [http-nio-8080-exec-5] DEBUG org.hibernate.SQL - 
    select
        sysuser0_.id as id1_5_0_,
        sysuser0_.create_time as create_t2_5_0_,
        sysuser0_.update_time as update_t3_5_0_,
        sysuser0_.avatar as avatar4_5_0_,
        sysuser0_.email as email5_5_0_,
        sysuser0_.last_login_ip as last_log6_5_0_,
        sysuser0_.last_login_time as last_log7_5_0_,
        sysuser0_.nickname as nickname8_5_0_,
        sysuser0_.password as password9_5_0_,
        sysuser0_.phone as phone10_5_0_,
        sysuser0_.role as role11_5_0_,
        sysuser0_.status as status12_5_0_,
        sysuser0_.username as usernam13_5_0_ 
    from
        sys_user sysuser0_ 
    where
        sysuser0_.id=?
2026-06-13 16:56:48.423 [http-nio-8080-exec-5] TRACE o.h.type.descriptor.sql.BasicBinder - binding parameter [1] as [BIGINT] - [1]
2026-06-13 16:56:48.426 [http-nio-8080-exec-5] DEBUG com.flowcontrol.filter.JwtAuthFilter - JWT认证成功: userId=1, username=admin
2026-06-13 16:56:48.427 [http-nio-8080-exec-5] DEBUG org.hibernate.SQL - 
    /* SELECT
        a 
    FROM
        Announcement a 
    WHERE
        a.status = 'PUBLISHED' 
        AND (
            a.expireTime IS NULL 
            OR a.expireTime > :now
        ) 
    ORDER BY
        a.priority DESC,
        a.publishTime DESC */ select
            announceme0_.id as id1_0_,
            announceme0_.create_time as create_t2_0_,
            announceme0_.update_time as update_t3_0_,
            announceme0_.content as content4_0_,
            announceme0_.create_user_id as create_u5_0_,
            announceme0_.expire_time as expire_t6_0_,
            announceme0_.priority as priority7_0_,
            announceme0_.publish_time as publish_8_0_,
            announceme0_.publisher as publishe9_0_,
            announceme0_.status as status10_0_,
            announceme0_.summary as summary11_0_,
            announceme0_.title as title12_0_,
            announceme0_.view_count as view_co13_0_ 
        from
            announcement announceme0_ 
        where
            announceme0_.status='PUBLISHED' 
            and (
                announceme0_.expire_time is null 
                or announceme0_.expire_time>?
            ) 
        order by
            announceme0_.priority DESC,
            announceme0_.publish_time DESC limit ?
2026-06-13 16:56:48.427 [http-nio-8080-exec-5] TRACE o.h.type.descriptor.sql.BasicBinder - binding parameter [1] as [TIMESTAMP] - [2026-06-13T16:56:48.427]
2026-06-13 16:56:48.444 [http-nio-8080-exec-7] DEBUG org.hibernate.SQL - 
    select
        sysuser0_.id as id1_5_0_,
        sysuser0_.create_time as create_t2_5_0_,
        sysuser0_.update_time as update_t3_5_0_,
        sysuser0_.avatar as avatar4_5_0_,
        sysuser0_.email as email5_5_0_,
        sysuser0_.last_login_ip as last_log6_5_0_,
        sysuser0_.last_login_time as last_log7_5_0_,
        sysuser0_.nickname as nickname8_5_0_,
        sysuser0_.password as password9_5_0_,
        sysuser0_.phone as phone10_5_0_,
        sysuser0_.role as role11_5_0_,
        sysuser0_.status as status12_5_0_,
        sysuser0_.username as usernam13_5_0_ 
    from
        sys_user sysuser0_ 
    where
        sysuser0_.id=?
2026-06-13 16:56:48.444 [http-nio-8080-exec-2] DEBUG org.hibernate.SQL - 
    select
        sysuser0_.id as id1_5_0_,
        sysuser0_.create_time as create_t2_5_0_,
        sysuser0_.update_time as update_t3_5_0_,
        sysuser0_.avatar as avatar4_5_0_,
        sysuser0_.email as email5_5_0_,
        sysuser0_.last_login_ip as last_log6_5_0_,
        sysuser0_.last_login_time as last_log7_5_0_,
        sysuser0_.nickname as nickname8_5_0_,
        sysuser0_.password as password9_5_0_,
        sysuser0_.phone as phone10_5_0_,
        sysuser0_.role as role11_5_0_,
        sysuser0_.status as status12_5_0_,
        sysuser0_.username as usernam13_5_0_ 
    from
        sys_user sysuser0_ 
    where
        sysuser0_.id=?
2026-06-13 16:56:48.444 [http-nio-8080-exec-7] TRACE o.h.type.descriptor.sql.BasicBinder - binding parameter [1] as [BIGINT] - [1]
2026-06-13 16:56:48.444 [http-nio-8080-exec-2] TRACE o.h.type.descriptor.sql.BasicBinder - binding parameter [1] as [BIGINT] - [1]
2026-06-13 16:56:48.445 [http-nio-8080-exec-7] DEBUG com.flowcontrol.filter.JwtAuthFilter - JWT认证成功: userId=1, username=admin
2026-06-13 16:56:48.445 [http-nio-8080-exec-2] DEBUG com.flowcontrol.filter.JwtAuthFilter - JWT认证成功: userId=1, username=admin
2026-06-13 16:56:48.457 [http-nio-8080-exec-2] DEBUG org.hibernate.SQL - 
    /* SELECT
        m 
    FROM
        MonitorRecord m 
    WHERE
        (
            :deviceId IS NULL 
            OR m.deviceId = :deviceId
        ) 
        AND (
            :status IS NULL 
            OR m.status = :status
        ) 
        AND (
            :anomalyFlag IS NULL 
            OR m.anomalyFlag = :anomalyFlag
        ) 
        AND (
            :startTime IS NULL 
            OR m.recordTime >= :startTime
        ) 
        AND (
            :endTime IS NULL 
            OR m.recordTime <= :endTime
        ) 
    ORDER BY
        m.recordTime DESC,
        m.recordTime desc */ select
            monitorrec0_.id as id1_2_,
            monitorrec0_.create_time as create_t2_2_,
            monitorrec0_.update_time as update_t3_2_,
            monitorrec0_.anomaly_desc as anomaly_4_2_,
            monitorrec0_.anomaly_flag as anomaly_5_2_,
            monitorrec0_.device_id as device_i6_2_,
            monitorrec0_.device_name as device_n7_2_,
            monitorrec0_.record_time as record_t8_2_,
            monitorrec0_.status as status9_2_,
            monitorrec0_.traffic_rate as traffic10_2_,
            monitorrec0_.traffic_value as traffic11_2_ 
        from
            monitor_record monitorrec0_ 
        where
            (
                ? is null 
                or monitorrec0_.device_id=?
            ) 
            and (
                ? is null 
                or monitorrec0_.status=?
            ) 
            and (
                ? is null 
                or monitorrec0_.anomaly_flag=?
            ) 
            and (
                ? is null 
                or monitorrec0_.record_time>=?
            ) 
            and (
                ? is null 
                or monitorrec0_.record_time<=?
            ) 
        order by
            monitorrec0_.record_time DESC,
            monitorrec0_.record_time desc limit ?
2026-06-13 16:56:48.459 [http-nio-8080-exec-2] TRACE o.h.type.descriptor.sql.BasicBinder - binding parameter [1] as [VARCHAR] - [null]
2026-06-13 16:56:48.459 [http-nio-8080-exec-2] TRACE o.h.type.descriptor.sql.BasicBinder - binding parameter [2] as [VARCHAR] - [null]
2026-06-13 16:56:48.459 [http-nio-8080-exec-2] TRACE o.h.type.descriptor.sql.BasicBinder - binding parameter [3] as [VARCHAR] - [null]
2026-06-13 16:56:48.459 [http-nio-8080-exec-2] TRACE o.h.type.descriptor.sql.BasicBinder - binding parameter [4] as [VARCHAR] - [null]
2026-06-13 16:56:48.459 [http-nio-8080-exec-2] TRACE o.h.type.descriptor.sql.BasicBinder - binding parameter [5] as [INTEGER] - [null]
2026-06-13 16:56:48.459 [http-nio-8080-exec-2] TRACE o.h.type.descriptor.sql.BasicBinder - binding parameter [6] as [INTEGER] - [null]
2026-06-13 16:56:48.459 [http-nio-8080-exec-2] TRACE o.h.type.descriptor.sql.BasicBinder - binding parameter [7] as [TIMESTAMP] - [null]
2026-06-13 16:56:48.459 [http-nio-8080-exec-2] TRACE o.h.type.descriptor.sql.BasicBinder - binding parameter [8] as [TIMESTAMP] - [null]
2026-06-13 16:56:48.459 [http-nio-8080-exec-2] TRACE o.h.type.descriptor.sql.BasicBinder - binding parameter [9] as [TIMESTAMP] - [null]
2026-06-13 16:56:48.459 [http-nio-8080-exec-2] TRACE o.h.type.descriptor.sql.BasicBinder - binding parameter [10] as [TIMESTAMP] - [null]
2026-06-13 16:56:48.496 [http-nio-8080-exec-8] DEBUG org.hibernate.SQL - 
    select
        sysuser0_.id as id1_5_0_,
        sysuser0_.create_time as create_t2_5_0_,
        sysuser0_.update_time as update_t3_5_0_,
        sysuser0_.avatar as avatar4_5_0_,
        sysuser0_.email as email5_5_0_,
        sysuser0_.last_login_ip as last_log6_5_0_,
        sysuser0_.last_login_time as last_log7_5_0_,
        sysuser0_.nickname as nickname8_5_0_,
        sysuser0_.password as password9_5_0_,
        sysuser0_.phone as phone10_5_0_,
        sysuser0_.role as role11_5_0_,
        sysuser0_.status as status12_5_0_,
        sysuser0_.username as usernam13_5_0_ 
    from
        sys_user sysuser0_ 
    where
        sysuser0_.id=?
2026-06-13 16:56:48.496 [http-nio-8080-exec-8] TRACE o.h.type.descriptor.sql.BasicBinder - binding parameter [1] as [BIGINT] - [1]
2026-06-13 16:56:48.498 [http-nio-8080-exec-8] DEBUG com.flowcontrol.filter.JwtAuthFilter - JWT认证成功: userId=1, username=admin
2026-06-13 16:56:48.509 [http-nio-8080-exec-8] DEBUG org.hibernate.SQL - 
    /* SELECT
        m 
    FROM
        MonitorRecord m 
    WHERE
        m.deviceId = :deviceId 
        AND m.recordTime BETWEEN :startTime AND :endTime 
    ORDER BY
        m.recordTime ASC */ select
            monitorrec0_.id as id1_2_,
            monitorrec0_.create_time as create_t2_2_,
            monitorrec0_.update_time as update_t3_2_,
            monitorrec0_.anomaly_desc as anomaly_4_2_,
            monitorrec0_.anomaly_flag as anomaly_5_2_,
            monitorrec0_.device_id as device_i6_2_,
            monitorrec0_.device_name as device_n7_2_,
            monitorrec0_.record_time as record_t8_2_,
            monitorrec0_.status as status9_2_,
            monitorrec0_.traffic_rate as traffic10_2_,
            monitorrec0_.traffic_value as traffic11_2_ 
        from
            monitor_record monitorrec0_ 
        where
            monitorrec0_.device_id=? 
            and (
                monitorrec0_.record_time between ? and ?
            ) 
        order by
            monitorrec0_.record_time ASC
2026-06-13 16:56:48.510 [http-nio-8080-exec-8] TRACE o.h.type.descriptor.sql.BasicBinder - binding parameter [1] as [VARCHAR] - [z]
2026-06-13 16:56:48.510 [http-nio-8080-exec-8] TRACE o.h.type.descriptor.sql.BasicBinder - binding parameter [2] as [TIMESTAMP] - [2026-06-12T16:56:48]
2026-06-13 16:56:48.511 [http-nio-8080-exec-8] TRACE o.h.type.descriptor.sql.BasicBinder - binding parameter [3] as [TIMESTAMP] - [2026-06-13T16:56:48]
2026-06-13 16:56:48.812 [http-nio-8080-exec-10] DEBUG org.hibernate.SQL - 
    select
        sysuser0_.id as id1_5_0_,
        sysuser0_.create_time as create_t2_5_0_,
        sysuser0_.update_time as update_t3_5_0_,
        sysuser0_.avatar as avatar4_5_0_,
        sysuser0_.email as email5_5_0_,
        sysuser0_.last_login_ip as last_log6_5_0_,
        sysuser0_.last_login_time as last_log7_5_0_,
        sysuser0_.nickname as nickname8_5_0_,
        sysuser0_.password as password9_5_0_,
        sysuser0_.phone as phone10_5_0_,
        sysuser0_.role as role11_5_0_,
        sysuser0_.status as status12_5_0_,
        sysuser0_.username as usernam13_5_0_ 
    from
        sys_user sysuser0_ 
    where
        sysuser0_.id=?
2026-06-13 16:56:48.812 [http-nio-8080-exec-10] TRACE o.h.type.descriptor.sql.BasicBinder - binding parameter [1] as [BIGINT] - [1]
2026-06-13 16:56:48.814 [http-nio-8080-exec-10] DEBUG com.flowcontrol.filter.JwtAuthFilter - JWT认证成功: userId=1, username=admin
2026-06-13 16:56:48.817 [http-nio-8080-exec-10] DEBUG org.hibernate.SQL - 
    /* select
        count(generatedAlias0) 
    from
        DeviceUsage as generatedAlias0 
    where
        generatedAlias0.status=:param0 */ select
            count(deviceusag0_.id) as col_0_0_ 
        from
            device_usage deviceusag0_ 
        where
            deviceusag0_.status=?
2026-06-13 16:56:48.818 [http-nio-8080-exec-10] TRACE o.h.type.descriptor.sql.BasicBinder - binding parameter [1] as [VARCHAR] - [ONLINE]
2026-06-13 16:56:48.822 [http-nio-8080-exec-10] DEBUG org.hibernate.SQL - 
    /* select
        count(generatedAlias0) 
    from
        DeviceUsage as generatedAlias0 
    where
        generatedAlias0.status=:param0 */ select
            count(deviceusag0_.id) as col_0_0_ 
        from
            device_usage deviceusag0_ 
        where
            deviceusag0_.status=?
2026-06-13 16:56:48.822 [http-nio-8080-exec-10] TRACE o.h.type.descriptor.sql.BasicBinder - binding parameter [1] as [VARCHAR] - [OFFLINE]
2026-06-13 16:56:48.823 [http-nio-8080-exec-10] DEBUG org.hibernate.SQL - 
    /* SELECT
        d.deviceType,
        COUNT(d),
        SUM(d.onlineDuration),
        SUM(d.trafficUsed) 
    FROM
        DeviceUsage d 
    GROUP BY
        d.deviceType */ select
            deviceusag0_.device_type as col_0_0_,
            count(deviceusag0_.id) as col_1_0_,
            sum(deviceusag0_.online_duration) as col_2_0_,
            sum(deviceusag0_.traffic_used) as col_3_0_ 
        from
            device_usage deviceusag0_ 
        group by
            deviceusag0_.device_type
2026-06-13 16:56:48.833 [http-nio-8080-exec-4] DEBUG org.hibernate.SQL - 
    select
        sysuser0_.id as id1_5_0_,
        sysuser0_.create_time as create_t2_5_0_,
        sysuser0_.update_time as update_t3_5_0_,
        sysuser0_.avatar as avatar4_5_0_,
        sysuser0_.email as email5_5_0_,
        sysuser0_.last_login_ip as last_log6_5_0_,
        sysuser0_.last_login_time as last_log7_5_0_,
        sysuser0_.nickname as nickname8_5_0_,
        sysuser0_.password as password9_5_0_,
        sysuser0_.phone as phone10_5_0_,
        sysuser0_.role as role11_5_0_,
        sysuser0_.status as status12_5_0_,
        sysuser0_.username as usernam13_5_0_ 
    from
        sys_user sysuser0_ 
    where
        sysuser0_.id=?
2026-06-13 16:56:48.834 [http-nio-8080-exec-4] TRACE o.h.type.descriptor.sql.BasicBinder - binding parameter [1] as [BIGINT] - [1]
2026-06-13 16:56:48.835 [http-nio-8080-exec-4] DEBUG com.flowcontrol.filter.JwtAuthFilter - JWT认证成功: userId=1, username=admin
2026-06-13 16:56:48.837 [http-nio-8080-exec-4] DEBUG org.hibernate.SQL - 
    /* SELECT
        m 
    FROM
        MonitorRecord m 
    WHERE
        m.deviceId = :deviceId 
        AND m.recordTime BETWEEN :startTime AND :endTime 
    ORDER BY
        m.recordTime ASC */ select
            monitorrec0_.id as id1_2_,
            monitorrec0_.create_time as create_t2_2_,
            monitorrec0_.update_time as update_t3_2_,
            monitorrec0_.anomaly_desc as anomaly_4_2_,
            monitorrec0_.anomaly_flag as anomaly_5_2_,
            monitorrec0_.device_id as device_i6_2_,
            monitorrec0_.device_name as device_n7_2_,
            monitorrec0_.record_time as record_t8_2_,
            monitorrec0_.status as status9_2_,
            monitorrec0_.traffic_rate as traffic10_2_,
            monitorrec0_.traffic_value as traffic11_2_ 
        from
            monitor_record monitorrec0_ 
        where
            monitorrec0_.device_id=? 
            and (
                monitorrec0_.record_time between ? and ?
            ) 
        order by
            monitorrec0_.record_time ASC
2026-06-13 16:56:48.837 [http-nio-8080-exec-4] TRACE o.h.type.descriptor.sql.BasicBinder - binding parameter [1] as [VARCHAR] - [z]
2026-06-13 16:56:48.838 [http-nio-8080-exec-4] TRACE o.h.type.descriptor.sql.BasicBinder - binding parameter [2] as [TIMESTAMP] - [2026-06-12T16:56:48]
2026-06-13 16:56:48.838 [http-nio-8080-exec-4] TRACE o.h.type.descriptor.sql.BasicBinder - binding parameter [3] as [TIMESTAMP] - [2026-06-13T16:56:48]
2026-06-13 16:57:06.839 [http-nio-8080-exec-1] DEBUG org.hibernate.SQL - 
    select
        sysuser0_.id as id1_5_0_,
        sysuser0_.create_time as create_t2_5_0_,
        sysuser0_.update_time as update_t3_5_0_,
        sysuser0_.avatar as avatar4_5_0_,
        sysuser0_.email as email5_5_0_,
        sysuser0_.last_login_ip as last_log6_5_0_,
        sysuser0_.last_login_time as last_log7_5_0_,
        sysuser0_.nickname as nickname8_5_0_,
        sysuser0_.password as password9_5_0_,
        sysuser0_.phone as phone10_5_0_,
        sysuser0_.role as role11_5_0_,
        sysuser0_.status as status12_5_0_,
        sysuser0_.username as usernam13_5_0_ 
    from
        sys_user sysuser0_ 
    where
        sysuser0_.id=?
2026-06-13 16:57:06.839 [http-nio-8080-exec-1] TRACE o.h.type.descriptor.sql.BasicBinder - binding parameter [1] as [BIGINT] - [1]
2026-06-13 16:57:06.841 [http-nio-8080-exec-1] DEBUG com.flowcontrol.filter.JwtAuthFilter - JWT认证成功: userId=1, username=admin
2026-06-13 16:57:06.843 [http-nio-8080-exec-1] DEBUG org.hibernate.SQL - 
    /* SELECT
        m 
    FROM
        MonitorRecord m 
    WHERE
        m.deviceId = :deviceId 
        AND m.recordTime BETWEEN :startTime AND :endTime 
    ORDER BY
        m.recordTime ASC */ select
            monitorrec0_.id as id1_2_,
            monitorrec0_.create_time as create_t2_2_,
            monitorrec0_.update_time as update_t3_2_,
            monitorrec0_.anomaly_desc as anomaly_4_2_,
            monitorrec0_.anomaly_flag as anomaly_5_2_,
            monitorrec0_.device_id as device_i6_2_,
            monitorrec0_.device_name as device_n7_2_,
            monitorrec0_.record_time as record_t8_2_,
            monitorrec0_.status as status9_2_,
            monitorrec0_.traffic_rate as traffic10_2_,
            monitorrec0_.traffic_value as traffic11_2_ 
        from
            monitor_record monitorrec0_ 
        where
            monitorrec0_.device_id=? 
            and (
                monitorrec0_.record_time between ? and ?
            ) 
        order by
            monitorrec0_.record_time ASC
2026-06-13 16:57:06.844 [http-nio-8080-exec-1] TRACE o.h.type.descriptor.sql.BasicBinder - binding parameter [1] as [VARCHAR] - [z]
2026-06-13 16:57:06.844 [http-nio-8080-exec-1] TRACE o.h.type.descriptor.sql.BasicBinder - binding parameter [2] as [TIMESTAMP] - [2026-06-12T16:57:06]
2026-06-13 16:57:06.844 [http-nio-8080-exec-1] TRACE o.h.type.descriptor.sql.BasicBinder - binding parameter [3] as [TIMESTAMP] - [2026-06-13T16:57:06]
2026-06-13 16:57:15.358 [http-nio-8080-exec-6] DEBUG org.hibernate.SQL - 
    select
        sysuser0_.id as id1_5_0_,
        sysuser0_.create_time as create_t2_5_0_,
        sysuser0_.update_time as update_t3_5_0_,
        sysuser0_.avatar as avatar4_5_0_,
        sysuser0_.email as email5_5_0_,
        sysuser0_.last_login_ip as last_log6_5_0_,
        sysuser0_.last_login_time as last_log7_5_0_,
        sysuser0_.nickname as nickname8_5_0_,
        sysuser0_.password as password9_5_0_,
        sysuser0_.phone as phone10_5_0_,
        sysuser0_.role as role11_5_0_,
        sysuser0_.status as status12_5_0_,
        sysuser0_.username as usernam13_5_0_ 
    from
        sys_user sysuser0_ 
    where
        sysuser0_.id=?
2026-06-13 16:57:15.359 [http-nio-8080-exec-6] TRACE o.h.type.descriptor.sql.BasicBinder - binding parameter [1] as [BIGINT] - [1]
2026-06-13 16:57:15.360 [http-nio-8080-exec-6] DEBUG com.flowcontrol.filter.JwtAuthFilter - JWT认证成功: userId=1, username=admin
2026-06-13 16:57:15.363 [http-nio-8080-exec-6] DEBUG org.hibernate.SQL - 
    /* select
        count(generatedAlias0) 
    from
        DeviceUsage as generatedAlias0 
    where
        generatedAlias0.status=:param0 */ select
            count(deviceusag0_.id) as col_0_0_ 
        from
            device_usage deviceusag0_ 
        where
            deviceusag0_.status=?
2026-06-13 16:57:15.363 [http-nio-8080-exec-6] TRACE o.h.type.descriptor.sql.BasicBinder - binding parameter [1] as [VARCHAR] - [ONLINE]
2026-06-13 16:57:15.367 [http-nio-8080-exec-6] DEBUG org.hibernate.SQL - 
    /* select
        count(generatedAlias0) 
    from
        DeviceUsage as generatedAlias0 
    where
        generatedAlias0.status=:param0 */ select
            count(deviceusag0_.id) as col_0_0_ 
        from
            device_usage deviceusag0_ 
        where
            deviceusag0_.status=?
2026-06-13 16:57:15.367 [http-nio-8080-exec-6] TRACE o.h.type.descriptor.sql.BasicBinder - binding parameter [1] as [VARCHAR] - [OFFLINE]
2026-06-13 16:57:15.368 [http-nio-8080-exec-6] DEBUG org.hibernate.SQL - 
    /* SELECT
        d.deviceType,
        COUNT(d),
        SUM(d.onlineDuration),
        SUM(d.trafficUsed) 
    FROM
        DeviceUsage d 
    GROUP BY
        d.deviceType */ select
            deviceusag0_.device_type as col_0_0_,
            count(deviceusag0_.id) as col_1_0_,
            sum(deviceusag0_.online_duration) as col_2_0_,
            sum(deviceusag0_.traffic_used) as col_3_0_ 
        from
            device_usage deviceusag0_ 
        group by
            deviceusag0_.device_type
2026-06-13 16:57:15.673 [http-nio-8080-exec-3] DEBUG org.hibernate.SQL - 
    select
        sysuser0_.id as id1_5_0_,
        sysuser0_.create_time as create_t2_5_0_,
        sysuser0_.update_time as update_t3_5_0_,
        sysuser0_.avatar as avatar4_5_0_,
        sysuser0_.email as email5_5_0_,
        sysuser0_.last_login_ip as last_log6_5_0_,
        sysuser0_.last_login_time as last_log7_5_0_,
        sysuser0_.nickname as nickname8_5_0_,
        sysuser0_.password as password9_5_0_,
        sysuser0_.phone as phone10_5_0_,
        sysuser0_.role as role11_5_0_,
        sysuser0_.status as status12_5_0_,
        sysuser0_.username as usernam13_5_0_ 
    from
        sys_user sysuser0_ 
    where
        sysuser0_.id=?
2026-06-13 16:57:15.673 [http-nio-8080-exec-5] DEBUG org.hibernate.SQL - 
    select
        sysuser0_.id as id1_5_0_,
        sysuser0_.create_time as create_t2_5_0_,
        sysuser0_.update_time as update_t3_5_0_,
        sysuser0_.avatar as avatar4_5_0_,
        sysuser0_.email as email5_5_0_,
        sysuser0_.last_login_ip as last_log6_5_0_,
        sysuser0_.last_login_time as last_log7_5_0_,
        sysuser0_.nickname as nickname8_5_0_,
        sysuser0_.password as password9_5_0_,
        sysuser0_.phone as phone10_5_0_,
        sysuser0_.role as role11_5_0_,
        sysuser0_.status as status12_5_0_,
        sysuser0_.username as usernam13_5_0_ 
    from
        sys_user sysuser0_ 
    where
        sysuser0_.id=?
2026-06-13 16:57:15.673 [http-nio-8080-exec-7] DEBUG org.hibernate.SQL - 
    select
        sysuser0_.id as id1_5_0_,
        sysuser0_.create_time as create_t2_5_0_,
        sysuser0_.update_time as update_t3_5_0_,
        sysuser0_.avatar as avatar4_5_0_,
        sysuser0_.email as email5_5_0_,
        sysuser0_.last_login_ip as last_log6_5_0_,
        sysuser0_.last_login_time as last_log7_5_0_,
        sysuser0_.nickname as nickname8_5_0_,
        sysuser0_.password as password9_5_0_,
        sysuser0_.phone as phone10_5_0_,
        sysuser0_.role as role11_5_0_,
        sysuser0_.status as status12_5_0_,
        sysuser0_.username as usernam13_5_0_ 
    from
        sys_user sysuser0_ 
    where
        sysuser0_.id=?
2026-06-13 16:57:15.673 [http-nio-8080-exec-2] DEBUG org.hibernate.SQL - 
    select
        sysuser0_.id as id1_5_0_,
        sysuser0_.create_time as create_t2_5_0_,
        sysuser0_.update_time as update_t3_5_0_,
        sysuser0_.avatar as avatar4_5_0_,
        sysuser0_.email as email5_5_0_,
        sysuser0_.last_login_ip as last_log6_5_0_,
        sysuser0_.last_login_time as last_log7_5_0_,
        sysuser0_.nickname as nickname8_5_0_,
        sysuser0_.password as password9_5_0_,
        sysuser0_.phone as phone10_5_0_,
        sysuser0_.role as role11_5_0_,
        sysuser0_.status as status12_5_0_,
        sysuser0_.username as usernam13_5_0_ 
    from
        sys_user sysuser0_ 
    where
        sysuser0_.id=?
2026-06-13 16:57:15.673 [http-nio-8080-exec-9] DEBUG org.hibernate.SQL - 
    select
        sysuser0_.id as id1_5_0_,
        sysuser0_.create_time as create_t2_5_0_,
        sysuser0_.update_time as update_t3_5_0_,
        sysuser0_.avatar as avatar4_5_0_,
        sysuser0_.email as email5_5_0_,
        sysuser0_.last_login_ip as last_log6_5_0_,
        sysuser0_.last_login_time as last_log7_5_0_,
        sysuser0_.nickname as nickname8_5_0_,
        sysuser0_.password as password9_5_0_,
        sysuser0_.phone as phone10_5_0_,
        sysuser0_.role as role11_5_0_,
        sysuser0_.status as status12_5_0_,
        sysuser0_.username as usernam13_5_0_ 
    from
        sys_user sysuser0_ 
    where
        sysuser0_.id=?
2026-06-13 16:57:15.674 [http-nio-8080-exec-5] TRACE o.h.type.descriptor.sql.BasicBinder - binding parameter [1] as [BIGINT] - [1]
2026-06-13 16:57:15.674 [http-nio-8080-exec-2] TRACE o.h.type.descriptor.sql.BasicBinder - binding parameter [1] as [BIGINT] - [1]
2026-06-13 16:57:15.674 [http-nio-8080-exec-7] TRACE o.h.type.descriptor.sql.BasicBinder - binding parameter [1] as [BIGINT] - [1]
2026-06-13 16:57:15.674 [http-nio-8080-exec-9] TRACE o.h.type.descriptor.sql.BasicBinder - binding parameter [1] as [BIGINT] - [1]
2026-06-13 16:57:15.674 [http-nio-8080-exec-3] TRACE o.h.type.descriptor.sql.BasicBinder - binding parameter [1] as [BIGINT] - [1]
2026-06-13 16:57:15.676 [http-nio-8080-exec-7] DEBUG com.flowcontrol.filter.JwtAuthFilter - JWT认证成功: userId=1, username=admin
2026-06-13 16:57:15.676 [http-nio-8080-exec-9] DEBUG com.flowcontrol.filter.JwtAuthFilter - JWT认证成功: userId=1, username=admin
2026-06-13 16:57:15.676 [http-nio-8080-exec-3] DEBUG com.flowcontrol.filter.JwtAuthFilter - JWT认证成功: userId=1, username=admin
2026-06-13 16:57:15.676 [http-nio-8080-exec-5] DEBUG com.flowcontrol.filter.JwtAuthFilter - JWT认证成功: userId=1, username=admin
2026-06-13 16:57:15.676 [http-nio-8080-exec-2] DEBUG com.flowcontrol.filter.JwtAuthFilter - JWT认证成功: userId=1, username=admin
2026-06-13 16:57:15.677 [http-nio-8080-exec-3] DEBUG org.hibernate.SQL - 
    /* select
        count(generatedAlias0) 
    from
        TrafficPlan as generatedAlias0 
    where
        generatedAlias0.status=:param0 */ select
            count(trafficpla0_.id) as col_0_0_ 
        from
            traffic_plan trafficpla0_ 
        where
            trafficpla0_.status=?
2026-06-13 16:57:15.677 [http-nio-8080-exec-2] DEBUG org.hibernate.SQL - 
    /* select
        generatedAlias0 
    from
        ServerPeak as generatedAlias0 
    where
        generatedAlias0.alertFlag=:param0 
    order by
        generatedAlias0.peakTime desc */ select
            serverpeak0_.id as id1_4_,
            serverpeak0_.create_time as create_t2_4_,
            serverpeak0_.update_time as update_t3_4_,
            serverpeak0_.alert_flag as alert_fl4_4_,
            serverpeak0_.alert_level as alert_le5_4_,
            serverpeak0_.cpu_usage as cpu_usag6_4_,
            serverpeak0_.description as descript7_4_,
            serverpeak0_.disk_usage as disk_usa8_4_,
            serverpeak0_.memory_usage as memory_u9_4_,
            serverpeak0_.network_in as network10_4_,
            serverpeak0_.network_out as network11_4_,
            serverpeak0_.peak_time as peak_ti12_4_,
            serverpeak0_.server_name as server_13_4_,
            serverpeak0_.threshold as thresho14_4_ 
        from
            server_peak serverpeak0_ 
        where
            serverpeak0_.alert_flag=? 
        order by
            serverpeak0_.peak_time desc
2026-06-13 16:57:15.677 [http-nio-8080-exec-5] DEBUG org.hibernate.SQL - 
    /* SELECT
        MAX(s.cpuUsage) 
    FROM
        ServerPeak s 
    WHERE
        s.peakTime BETWEEN :start AND :end */ select
            max(serverpeak0_.cpu_usage) as col_0_0_ 
        from
            server_peak serverpeak0_ 
        where
            serverpeak0_.peak_time between ? and ?
2026-06-13 16:57:15.678 [http-nio-8080-exec-3] TRACE o.h.type.descriptor.sql.BasicBinder - binding parameter [1] as [VARCHAR] - [ACTIVE]
2026-06-13 16:57:15.677 [http-nio-8080-exec-9] DEBUG org.hibernate.SQL - 
    /* SELECT
        MAX(m.trafficValue) 
    FROM
        MonitorRecord m 
    WHERE
        m.recordTime BETWEEN :start AND :end */ select
            max(monitorrec0_.traffic_value) as col_0_0_ 
        from
            monitor_record monitorrec0_ 
        where
            monitorrec0_.record_time between ? and ?
2026-06-13 16:57:15.677 [http-nio-8080-exec-7] DEBUG org.hibernate.SQL - 
    /* select
        count(*) 
    from
        Announcement x */ select
            count(*) as col_0_0_ 
        from
            announcement announceme0_
2026-06-13 16:57:15.678 [http-nio-8080-exec-5] TRACE o.h.type.descriptor.sql.BasicBinder - binding parameter [1] as [TIMESTAMP] - [2026-06-06T16:57:15.677]
2026-06-13 16:57:15.678 [http-nio-8080-exec-9] TRACE o.h.type.descriptor.sql.BasicBinder - binding parameter [1] as [TIMESTAMP] - [2026-06-06T16:57:15.677]
2026-06-13 16:57:15.678 [http-nio-8080-exec-2] TRACE o.h.type.descriptor.sql.BasicBinder - binding parameter [1] as [INTEGER] - [1]
2026-06-13 16:57:15.678 [http-nio-8080-exec-5] TRACE o.h.type.descriptor.sql.BasicBinder - binding parameter [2] as [TIMESTAMP] - [2026-06-13T16:57:15.677]
2026-06-13 16:57:15.678 [http-nio-8080-exec-9] TRACE o.h.type.descriptor.sql.BasicBinder - binding parameter [2] as [TIMESTAMP] - [2026-06-13T16:57:15.677]
2026-06-13 16:57:15.679 [http-nio-8080-exec-7] DEBUG org.hibernate.SQL - 
    /* select
        count(generatedAlias0) 
    from
        Announcement as generatedAlias0 
    where
        generatedAlias0.status=:param0 */ select
            count(announceme0_.id) as col_0_0_ 
        from
            announcement announceme0_ 
        where
            announceme0_.status=?
2026-06-13 16:57:15.679 [http-nio-8080-exec-7] TRACE o.h.type.descriptor.sql.BasicBinder - binding parameter [1] as [VARCHAR] - [PUBLISHED]
2026-06-13 16:57:15.682 [http-nio-8080-exec-7] DEBUG org.hibernate.SQL - 
    /* select
        count(generatedAlias0) 
    from
        Announcement as generatedAlias0 
    where
        generatedAlias0.status=:param0 */ select
            count(announceme0_.id) as col_0_0_ 
        from
            announcement announceme0_ 
        where
            announceme0_.status=?
2026-06-13 16:57:15.682 [http-nio-8080-exec-7] TRACE o.h.type.descriptor.sql.BasicBinder - binding parameter [1] as [VARCHAR] - [DRAFT]
2026-06-13 16:57:15.684 [http-nio-8080-exec-3] DEBUG org.hibernate.SQL - 
    /* select
        count(generatedAlias0) 
    from
        TrafficPlan as generatedAlias0 
    where
        generatedAlias0.status=:param0 */ select
            count(trafficpla0_.id) as col_0_0_ 
        from
            traffic_plan trafficpla0_ 
        where
            trafficpla0_.status=?
2026-06-13 16:57:15.685 [http-nio-8080-exec-3] TRACE o.h.type.descriptor.sql.BasicBinder - binding parameter [1] as [VARCHAR] - [INACTIVE]
2026-06-13 16:57:15.687 [http-nio-8080-exec-3] DEBUG org.hibernate.SQL - 
    /* select
        count(generatedAlias0) 
    from
        TrafficPlan as generatedAlias0 
    where
        generatedAlias0.status=:param0 */ select
            count(trafficpla0_.id) as col_0_0_ 
        from
            traffic_plan trafficpla0_ 
        where
            trafficpla0_.status=?
2026-06-13 16:57:15.687 [http-nio-8080-exec-3] TRACE o.h.type.descriptor.sql.BasicBinder - binding parameter [1] as [VARCHAR] - [EXPIRED]
2026-06-13 16:57:15.687 [http-nio-8080-exec-9] DEBUG org.hibernate.SQL - 
    /* SELECT
        AVG(m.trafficValue) 
    FROM
        MonitorRecord m 
    WHERE
        m.recordTime BETWEEN :start AND :end */ select
            avg(monitorrec0_.traffic_value) as col_0_0_ 
        from
            monitor_record monitorrec0_ 
        where
            monitorrec0_.record_time between ? and ?
2026-06-13 16:57:15.687 [http-nio-8080-exec-5] DEBUG org.hibernate.SQL - 
    /* select
        count(generatedAlias0) 
    from
        ServerPeak as generatedAlias0 
    where
        generatedAlias0.alertFlag=:param0 */ select
            count(serverpeak0_.id) as col_0_0_ 
        from
            server_peak serverpeak0_ 
        where
            serverpeak0_.alert_flag=?
2026-06-13 16:57:15.687 [http-nio-8080-exec-9] TRACE o.h.type.descriptor.sql.BasicBinder - binding parameter [1] as [TIMESTAMP] - [2026-06-06T16:57:15.677]
2026-06-13 16:57:15.687 [http-nio-8080-exec-9] TRACE o.h.type.descriptor.sql.BasicBinder - binding parameter [2] as [TIMESTAMP] - [2026-06-13T16:57:15.677]
2026-06-13 16:57:15.687 [http-nio-8080-exec-5] TRACE o.h.type.descriptor.sql.BasicBinder - binding parameter [1] as [INTEGER] - [1]
2026-06-13 16:57:15.688 [http-nio-8080-exec-3] DEBUG org.hibernate.SQL - 
    /* select
        count(generatedAlias0) 
    from
        TrafficPlan as generatedAlias0 
    where
        generatedAlias0.priority=:param0 */ select
            count(trafficpla0_.id) as col_0_0_ 
        from
            traffic_plan trafficpla0_ 
        where
            trafficpla0_.priority=?
2026-06-13 16:57:15.688 [http-nio-8080-exec-9] DEBUG org.hibernate.SQL - 
    /* select
        count(generatedAlias0) 
    from
        MonitorRecord as generatedAlias0 
    where
        generatedAlias0.anomalyFlag=:param0 */ select
            count(monitorrec0_.id) as col_0_0_ 
        from
            monitor_record monitorrec0_ 
        where
            monitorrec0_.anomaly_flag=?
2026-06-13 16:57:15.688 [http-nio-8080-exec-5] DEBUG org.hibernate.SQL - 
    /* select
        generatedAlias0 
    from
        ServerPeak as generatedAlias0 
    where
        generatedAlias0.alertFlag=:param0 
    order by
        generatedAlias0.peakTime desc */ select
            serverpeak0_.id as id1_4_,
            serverpeak0_.create_time as create_t2_4_,
            serverpeak0_.update_time as update_t3_4_,
            serverpeak0_.alert_flag as alert_fl4_4_,
            serverpeak0_.alert_level as alert_le5_4_,
            serverpeak0_.cpu_usage as cpu_usag6_4_,
            serverpeak0_.description as descript7_4_,
            serverpeak0_.disk_usage as disk_usa8_4_,
            serverpeak0_.memory_usage as memory_u9_4_,
            serverpeak0_.network_in as network10_4_,
            serverpeak0_.network_out as network11_4_,
            serverpeak0_.peak_time as peak_ti12_4_,
            serverpeak0_.server_name as server_13_4_,
            serverpeak0_.threshold as thresho14_4_ 
        from
            server_peak serverpeak0_ 
        where
            serverpeak0_.alert_flag=? 
        order by
            serverpeak0_.peak_time desc
2026-06-13 16:57:15.690 [http-nio-8080-exec-9] TRACE o.h.type.descriptor.sql.BasicBinder - binding parameter [1] as [INTEGER] - [1]
2026-06-13 16:57:15.690 [http-nio-8080-exec-3] TRACE o.h.type.descriptor.sql.BasicBinder - binding parameter [1] as [VARCHAR] - [HIGH]
2026-06-13 16:57:15.690 [http-nio-8080-exec-5] TRACE o.h.type.descriptor.sql.BasicBinder - binding parameter [1] as [INTEGER] - [1]
2026-06-13 16:57:15.691 [http-nio-8080-exec-3] DEBUG org.hibernate.SQL - 
    /* select
        count(generatedAlias0) 
    from
        TrafficPlan as generatedAlias0 
    where
        generatedAlias0.priority=:param0 */ select
            count(trafficpla0_.id) as col_0_0_ 
        from
            traffic_plan trafficpla0_ 
        where
            trafficpla0_.priority=?
2026-06-13 16:57:15.691 [http-nio-8080-exec-3] TRACE o.h.type.descriptor.sql.BasicBinder - binding parameter [1] as [VARCHAR] - [MEDIUM]
2026-06-13 16:57:15.692 [http-nio-8080-exec-9] DEBUG org.hibernate.SQL - 
    /* select
        count(*) 
    from
        MonitorRecord x */ select
            count(*) as col_0_0_ 
        from
            monitor_record monitorrec0_
2026-06-13 16:57:15.693 [http-nio-8080-exec-3] DEBUG org.hibernate.SQL - 
    /* select
        count(generatedAlias0) 
    from
        TrafficPlan as generatedAlias0 
    where
        generatedAlias0.priority=:param0 */ select
            count(trafficpla0_.id) as col_0_0_ 
        from
            traffic_plan trafficpla0_ 
        where
            trafficpla0_.priority=?
2026-06-13 16:57:15.693 [http-nio-8080-exec-3] TRACE o.h.type.descriptor.sql.BasicBinder - binding parameter [1] as [VARCHAR] - [LOW]
2026-06-13 16:57:15.696 [http-nio-8080-exec-8] DEBUG org.hibernate.SQL - 
    select
        sysuser0_.id as id1_5_0_,
        sysuser0_.create_time as create_t2_5_0_,
        sysuser0_.update_time as update_t3_5_0_,
        sysuser0_.avatar as avatar4_5_0_,
        sysuser0_.email as email5_5_0_,
        sysuser0_.last_login_ip as last_log6_5_0_,
        sysuser0_.last_login_time as last_log7_5_0_,
        sysuser0_.nickname as nickname8_5_0_,
        sysuser0_.password as password9_5_0_,
        sysuser0_.phone as phone10_5_0_,
        sysuser0_.role as role11_5_0_,
        sysuser0_.status as status12_5_0_,
        sysuser0_.username as usernam13_5_0_ 
    from
        sys_user sysuser0_ 
    where
        sysuser0_.id=?
2026-06-13 16:57:15.696 [http-nio-8080-exec-8] TRACE o.h.type.descriptor.sql.BasicBinder - binding parameter [1] as [BIGINT] - [1]
2026-06-13 16:57:15.697 [http-nio-8080-exec-8] DEBUG com.flowcontrol.filter.JwtAuthFilter - JWT认证成功: userId=1, username=admin
2026-06-13 16:57:15.701 [http-nio-8080-exec-8] DEBUG org.hibernate.SQL - 
    /* SELECT
        a 
    FROM
        Announcement a 
    WHERE
        a.status = 'PUBLISHED' 
        AND (
            a.expireTime IS NULL 
            OR a.expireTime > :now
        ) 
    ORDER BY
        a.priority DESC,
        a.publishTime DESC */ select
            announceme0_.id as id1_0_,
            announceme0_.create_time as create_t2_0_,
            announceme0_.update_time as update_t3_0_,
            announceme0_.content as content4_0_,
            announceme0_.create_user_id as create_u5_0_,
            announceme0_.expire_time as expire_t6_0_,
            announceme0_.priority as priority7_0_,
            announceme0_.publish_time as publish_8_0_,
            announceme0_.publisher as publishe9_0_,
            announceme0_.status as status10_0_,
            announceme0_.summary as summary11_0_,
            announceme0_.title as title12_0_,
            announceme0_.view_count as view_co13_0_ 
        from
            announcement announceme0_ 
        where
            announceme0_.status='PUBLISHED' 
            and (
                announceme0_.expire_time is null 
                or announceme0_.expire_time>?
            ) 
        order by
            announceme0_.priority DESC,
            announceme0_.publish_time DESC limit ?
2026-06-13 16:57:15.701 [http-nio-8080-exec-8] TRACE o.h.type.descriptor.sql.BasicBinder - binding parameter [1] as [TIMESTAMP] - [2026-06-13T16:57:15.700]
2026-06-13 16:57:16.008 [http-nio-8080-exec-4] DEBUG org.hibernate.SQL - 
    select
        sysuser0_.id as id1_5_0_,
        sysuser0_.create_time as create_t2_5_0_,
        sysuser0_.update_time as update_t3_5_0_,
        sysuser0_.avatar as avatar4_5_0_,
        sysuser0_.email as email5_5_0_,
        sysuser0_.last_login_ip as last_log6_5_0_,
        sysuser0_.last_login_time as last_log7_5_0_,
        sysuser0_.nickname as nickname8_5_0_,
        sysuser0_.password as password9_5_0_,
        sysuser0_.phone as phone10_5_0_,
        sysuser0_.role as role11_5_0_,
        sysuser0_.status as status12_5_0_,
        sysuser0_.username as usernam13_5_0_ 
    from
        sys_user sysuser0_ 
    where
        sysuser0_.id=?
2026-06-13 16:57:16.008 [http-nio-8080-exec-10] DEBUG org.hibernate.SQL - 
    select
        sysuser0_.id as id1_5_0_,
        sysuser0_.create_time as create_t2_5_0_,
        sysuser0_.update_time as update_t3_5_0_,
        sysuser0_.avatar as avatar4_5_0_,
        sysuser0_.email as email5_5_0_,
        sysuser0_.last_login_ip as last_log6_5_0_,
        sysuser0_.last_login_time as last_log7_5_0_,
        sysuser0_.nickname as nickname8_5_0_,
        sysuser0_.password as password9_5_0_,
        sysuser0_.phone as phone10_5_0_,
        sysuser0_.role as role11_5_0_,
        sysuser0_.status as status12_5_0_,
        sysuser0_.username as usernam13_5_0_ 
    from
        sys_user sysuser0_ 
    where
        sysuser0_.id=?
2026-06-13 16:57:16.008 [http-nio-8080-exec-4] TRACE o.h.type.descriptor.sql.BasicBinder - binding parameter [1] as [BIGINT] - [1]
2026-06-13 16:57:16.008 [http-nio-8080-exec-10] TRACE o.h.type.descriptor.sql.BasicBinder - binding parameter [1] as [BIGINT] - [1]
2026-06-13 16:57:16.011 [http-nio-8080-exec-10] DEBUG com.flowcontrol.filter.JwtAuthFilter - JWT认证成功: userId=1, username=admin
2026-06-13 16:57:16.011 [http-nio-8080-exec-4] DEBUG com.flowcontrol.filter.JwtAuthFilter - JWT认证成功: userId=1, username=admin
2026-06-13 16:57:16.012 [http-nio-8080-exec-4] DEBUG org.hibernate.SQL - 
    /* select
        count(generatedAlias0) 
    from
        DeviceUsage as generatedAlias0 
    where
        generatedAlias0.status=:param0 */ select
            count(deviceusag0_.id) as col_0_0_ 
        from
            device_usage deviceusag0_ 
        where
            deviceusag0_.status=?
2026-06-13 16:57:16.012 [http-nio-8080-exec-4] TRACE o.h.type.descriptor.sql.BasicBinder - binding parameter [1] as [VARCHAR] - [ONLINE]
2026-06-13 16:57:16.012 [http-nio-8080-exec-10] DEBUG org.hibernate.SQL - 
    /* SELECT
        m 
    FROM
        MonitorRecord m 
    WHERE
        (
            :deviceId IS NULL 
            OR m.deviceId = :deviceId
        ) 
        AND (
            :status IS NULL 
            OR m.status = :status
        ) 
        AND (
            :anomalyFlag IS NULL 
            OR m.anomalyFlag = :anomalyFlag
        ) 
        AND (
            :startTime IS NULL 
            OR m.recordTime >= :startTime
        ) 
        AND (
            :endTime IS NULL 
            OR m.recordTime <= :endTime
        ) 
    ORDER BY
        m.recordTime DESC,
        m.recordTime desc */ select
            monitorrec0_.id as id1_2_,
            monitorrec0_.create_time as create_t2_2_,
            monitorrec0_.update_time as update_t3_2_,
            monitorrec0_.anomaly_desc as anomaly_4_2_,
            monitorrec0_.anomaly_flag as anomaly_5_2_,
            monitorrec0_.device_id as device_i6_2_,
            monitorrec0_.device_name as device_n7_2_,
            monitorrec0_.record_time as record_t8_2_,
            monitorrec0_.status as status9_2_,
            monitorrec0_.traffic_rate as traffic10_2_,
            monitorrec0_.traffic_value as traffic11_2_ 
        from
            monitor_record monitorrec0_ 
        where
            (
                ? is null 
                or monitorrec0_.device_id=?
            ) 
            and (
                ? is null 
                or monitorrec0_.status=?
            ) 
            and (
                ? is null 
                or monitorrec0_.anomaly_flag=?
            ) 
            and (
                ? is null 
                or monitorrec0_.record_time>=?
            ) 
            and (
                ? is null 
                or monitorrec0_.record_time<=?
            ) 
        order by
            monitorrec0_.record_time DESC,
            monitorrec0_.record_time desc limit ?
2026-06-13 16:57:16.013 [http-nio-8080-exec-10] TRACE o.h.type.descriptor.sql.BasicBinder - binding parameter [1] as [VARCHAR] - [null]
2026-06-13 16:57:16.013 [http-nio-8080-exec-10] TRACE o.h.type.descriptor.sql.BasicBinder - binding parameter [2] as [VARCHAR] - [null]
2026-06-13 16:57:16.013 [http-nio-8080-exec-10] TRACE o.h.type.descriptor.sql.BasicBinder - binding parameter [3] as [VARCHAR] - [null]
2026-06-13 16:57:16.013 [http-nio-8080-exec-10] TRACE o.h.type.descriptor.sql.BasicBinder - binding parameter [4] as [VARCHAR] - [null]
2026-06-13 16:57:16.013 [http-nio-8080-exec-10] TRACE o.h.type.descriptor.sql.BasicBinder - binding parameter [5] as [INTEGER] - [null]
2026-06-13 16:57:16.013 [http-nio-8080-exec-10] TRACE o.h.type.descriptor.sql.BasicBinder - binding parameter [6] as [INTEGER] - [null]
2026-06-13 16:57:16.013 [http-nio-8080-exec-10] TRACE o.h.type.descriptor.sql.BasicBinder - binding parameter [7] as [TIMESTAMP] - [null]
2026-06-13 16:57:16.013 [http-nio-8080-exec-10] TRACE o.h.type.descriptor.sql.BasicBinder - binding parameter [8] as [TIMESTAMP] - [null]
2026-06-13 16:57:16.013 [http-nio-8080-exec-10] TRACE o.h.type.descriptor.sql.BasicBinder - binding parameter [9] as [TIMESTAMP] - [null]
2026-06-13 16:57:16.013 [http-nio-8080-exec-10] TRACE o.h.type.descriptor.sql.BasicBinder - binding parameter [10] as [TIMESTAMP] - [null]
2026-06-13 16:57:16.017 [http-nio-8080-exec-4] DEBUG org.hibernate.SQL - 
    /* select
        count(generatedAlias0) 
    from
        DeviceUsage as generatedAlias0 
    where
        generatedAlias0.status=:param0 */ select
            count(deviceusag0_.id) as col_0_0_ 
        from
            device_usage deviceusag0_ 
        where
            deviceusag0_.status=?
2026-06-13 16:57:16.017 [http-nio-8080-exec-4] TRACE o.h.type.descriptor.sql.BasicBinder - binding parameter [1] as [VARCHAR] - [OFFLINE]
2026-06-13 16:57:16.018 [http-nio-8080-exec-4] DEBUG org.hibernate.SQL - 
    /* SELECT
        d.deviceType,
        COUNT(d),
        SUM(d.onlineDuration),
        SUM(d.trafficUsed) 
    FROM
        DeviceUsage d 
    GROUP BY
        d.deviceType */ select
            deviceusag0_.device_type as col_0_0_,
            count(deviceusag0_.id) as col_1_0_,
            sum(deviceusag0_.online_duration) as col_2_0_,
            sum(deviceusag0_.traffic_used) as col_3_0_ 
        from
            device_usage deviceusag0_ 
        group by
            deviceusag0_.device_type
2026-06-13 16:57:16.339 [http-nio-8080-exec-1] DEBUG org.hibernate.SQL - 
    select
        sysuser0_.id as id1_5_0_,
        sysuser0_.create_time as create_t2_5_0_,
        sysuser0_.update_time as update_t3_5_0_,
        sysuser0_.avatar as avatar4_5_0_,
        sysuser0_.email as email5_5_0_,
        sysuser0_.last_login_ip as last_log6_5_0_,
        sysuser0_.last_login_time as last_log7_5_0_,
        sysuser0_.nickname as nickname8_5_0_,
        sysuser0_.password as password9_5_0_,
        sysuser0_.phone as phone10_5_0_,
        sysuser0_.role as role11_5_0_,
        sysuser0_.status as status12_5_0_,
        sysuser0_.username as usernam13_5_0_ 
    from
        sys_user sysuser0_ 
    where
        sysuser0_.id=?
2026-06-13 16:57:16.340 [http-nio-8080-exec-1] TRACE o.h.type.descriptor.sql.BasicBinder - binding parameter [1] as [BIGINT] - [1]
2026-06-13 16:57:16.341 [http-nio-8080-exec-1] DEBUG com.flowcontrol.filter.JwtAuthFilter - JWT认证成功: userId=1, username=admin
2026-06-13 16:57:16.343 [http-nio-8080-exec-1] DEBUG org.hibernate.SQL - 
    /* SELECT
        m 
    FROM
        MonitorRecord m 
    WHERE
        m.deviceId = :deviceId 
        AND m.recordTime BETWEEN :startTime AND :endTime 
    ORDER BY
        m.recordTime ASC */ select
            monitorrec0_.id as id1_2_,
            monitorrec0_.create_time as create_t2_2_,
            monitorrec0_.update_time as update_t3_2_,
            monitorrec0_.anomaly_desc as anomaly_4_2_,
            monitorrec0_.anomaly_flag as anomaly_5_2_,
            monitorrec0_.device_id as device_i6_2_,
            monitorrec0_.device_name as device_n7_2_,
            monitorrec0_.record_time as record_t8_2_,
            monitorrec0_.status as status9_2_,
            monitorrec0_.traffic_rate as traffic10_2_,
            monitorrec0_.traffic_value as traffic11_2_ 
        from
            monitor_record monitorrec0_ 
        where
            monitorrec0_.device_id=? 
            and (
                monitorrec0_.record_time between ? and ?
            ) 
        order by
            monitorrec0_.record_time ASC
2026-06-13 16:57:16.344 [http-nio-8080-exec-1] TRACE o.h.type.descriptor.sql.BasicBinder - binding parameter [1] as [VARCHAR] - [z]
2026-06-13 16:57:16.344 [http-nio-8080-exec-1] TRACE o.h.type.descriptor.sql.BasicBinder - binding parameter [2] as [TIMESTAMP] - [2026-06-12T16:57:16]
2026-06-13 16:57:16.344 [http-nio-8080-exec-1] TRACE o.h.type.descriptor.sql.BasicBinder - binding parameter [3] as [TIMESTAMP] - [2026-06-13T16:57:16]
2026-06-13 19:06:00.802 [http-nio-8080-exec-2] WARN  com.flowcontrol.util.JwtUtil - Token已过期: JWT expired at 2026-06-13T09:11:47Z. Current time: 2026-06-13T11:06:00Z, a difference of 6853797 milliseconds.  Allowed clock skew: 0 milliseconds.
2026-06-13 19:06:00.802 [http-nio-8080-exec-9] WARN  com.flowcontrol.util.JwtUtil - Token已过期: JWT expired at 2026-06-13T09:11:47Z. Current time: 2026-06-13T11:06:00Z, a difference of 6853797 milliseconds.  Allowed clock skew: 0 milliseconds.
2026-06-13 19:06:00.802 [http-nio-8080-exec-6] WARN  com.flowcontrol.util.JwtUtil - Token已过期: JWT expired at 2026-06-13T09:11:47Z. Current time: 2026-06-13T11:06:00Z, a difference of 6853797 milliseconds.  Allowed clock skew: 0 milliseconds.
2026-06-13 19:06:00.802 [http-nio-8080-exec-7] WARN  com.flowcontrol.util.JwtUtil - Token已过期: JWT expired at 2026-06-13T09:11:47Z. Current time: 2026-06-13T11:06:00Z, a difference of 6853797 milliseconds.  Allowed clock skew: 0 milliseconds.
2026-06-13 19:06:00.802 [http-nio-8080-exec-5] WARN  com.flowcontrol.util.JwtUtil - Token已过期: JWT expired at 2026-06-13T09:11:47Z. Current time: 2026-06-13T11:06:00Z, a difference of 6853797 milliseconds.  Allowed clock skew: 0 milliseconds.
2026-06-13 19:06:00.802 [http-nio-8080-exec-3] WARN  com.flowcontrol.util.JwtUtil - Token已过期: JWT expired at 2026-06-13T09:11:47Z. Current time: 2026-06-13T11:06:00Z, a difference of 6853797 milliseconds.  Allowed clock skew: 0 milliseconds.
2026-06-13 19:06:00.816 [http-nio-8080-exec-7] INFO  c.f.filter.ApiAccessAuditFilter - [API-AUDIT] rid=82 method=GET path=/api/server-peak/statistics ip=0:0:0:0:0:0:0:1 status=401 duration=9ms ua="Mozilla/5.0 (Windows NT 10.0; Win64; x64) AppleWeb..." 错误响应
2026-06-13 19:06:00.816 [http-nio-8080-exec-9] INFO  c.f.filter.ApiAccessAuditFilter - [API-AUDIT] rid=79 method=GET path=/api/server-peak/alerts ip=0:0:0:0:0:0:0:1 status=401 duration=9ms ua="Mozilla/5.0 (Windows NT 10.0; Win64; x64) AppleWeb..." 错误响应
2026-06-13 19:06:00.816 [http-nio-8080-exec-6] INFO  c.f.filter.ApiAccessAuditFilter - [API-AUDIT] rid=81 method=GET path=/api/device/statistics ip=0:0:0:0:0:0:0:1 status=401 duration=9ms ua="Mozilla/5.0 (Windows NT 10.0; Win64; x64) AppleWeb..." 错误响应
2026-06-13 19:06:00.816 [http-nio-8080-exec-2] INFO  c.f.filter.ApiAccessAuditFilter - [API-AUDIT] rid=80 method=GET path=/api/announcement/statistics ip=0:0:0:0:0:0:0:1 status=401 duration=9ms ua="Mozilla/5.0 (Windows NT 10.0; Win64; x64) AppleWeb..." 错误响应
2026-06-13 19:06:00.816 [http-nio-8080-exec-3] INFO  c.f.filter.ApiAccessAuditFilter - [API-AUDIT] rid=84 method=GET path=/api/traffic-plan/statistics ip=0:0:0:0:0:0:0:1 status=401 duration=9ms ua="Mozilla/5.0 (Windows NT 10.0; Win64; x64) AppleWeb..." 错误响应
2026-06-13 19:06:00.817 [http-nio-8080-exec-5] INFO  c.f.filter.ApiAccessAuditFilter - [API-AUDIT] rid=83 method=GET path=/api/monitor/statistics ip=0:0:0:0:0:0:0:1 status=401 duration=9ms ua="Mozilla/5.0 (Windows NT 10.0; Win64; x64) AppleWeb..." 错误响应
2026-06-13 19:06:00.817 [http-nio-8080-exec-7] INFO  c.f.filter.ApiAccessAuditFilter - [API-AUDIT] rid=73 method=GET path=/api/server-peak/statistics ip=0:0:0:0:0:0:0:1 status=401 duration=75ms ua="Mozilla/5.0 (Windows NT 10.0; Win64; x64) AppleWeb..." 错误响应
2026-06-13 19:06:00.817 [http-nio-8080-exec-3] INFO  c.f.filter.ApiAccessAuditFilter - [API-AUDIT] rid=74 method=GET path=/api/traffic-plan/statistics ip=0:0:0:0:0:0:0:1 status=401 duration=75ms ua="Mozilla/5.0 (Windows NT 10.0; Win64; x64) AppleWeb..." 错误响应
2026-06-13 19:06:00.817 [http-nio-8080-exec-9] INFO  c.f.filter.ApiAccessAuditFilter - [API-AUDIT] rid=75 method=GET path=/api/server-peak/alerts ip=0:0:0:0:0:0:0:1 status=401 duration=75ms ua="Mozilla/5.0 (Windows NT 10.0; Win64; x64) AppleWeb..." 错误响应
2026-06-13 19:06:00.817 [http-nio-8080-exec-2] INFO  c.f.filter.ApiAccessAuditFilter - [API-AUDIT] rid=77 method=GET path=/api/announcement/statistics ip=0:0:0:0:0:0:0:1 status=401 duration=75ms ua="Mozilla/5.0 (Windows NT 10.0; Win64; x64) AppleWeb..." 错误响应
2026-06-13 19:06:00.817 [http-nio-8080-exec-6] INFO  c.f.filter.ApiAccessAuditFilter - [API-AUDIT] rid=78 method=GET path=/api/device/statistics ip=0:0:0:0:0:0:0:1 status=401 duration=75ms ua="Mozilla/5.0 (Windows NT 10.0; Win64; x64) AppleWeb..." 错误响应
2026-06-13 19:06:00.817 [http-nio-8080-exec-5] INFO  c.f.filter.ApiAccessAuditFilter - [API-AUDIT] rid=76 method=GET path=/api/monitor/statistics ip=0:0:0:0:0:0:0:1 status=401 duration=75ms ua="Mozilla/5.0 (Windows NT 10.0; Win64; x64) AppleWeb..." 错误响应
2026-06-13 19:06:01.139 [http-nio-8080-exec-10] WARN  com.flowcontrol.util.JwtUtil - Token已过期: JWT expired at 2026-06-13T09:11:47Z. Current time: 2026-06-13T11:06:01Z, a difference of 6854139 milliseconds.  Allowed clock skew: 0 milliseconds.
2026-06-13 19:06:01.139 [http-nio-8080-exec-4] WARN  com.flowcontrol.util.JwtUtil - Token已过期: JWT expired at 2026-06-13T09:11:47Z. Current time: 2026-06-13T11:06:01Z, a difference of 6854139 milliseconds.  Allowed clock skew: 0 milliseconds.
2026-06-13 19:06:01.140 [http-nio-8080-exec-8] WARN  com.flowcontrol.util.JwtUtil - Token已过期: JWT expired at 2026-06-13T09:11:47Z. Current time: 2026-06-13T11:06:01Z, a difference of 6854139 milliseconds.  Allowed clock skew: 0 milliseconds.
2026-06-13 19:06:01.140 [http-nio-8080-exec-10] INFO  c.f.filter.ApiAccessAuditFilter - [API-AUDIT] rid=88 method=GET path=/api/monitor/list ip=0:0:0:0:0:0:0:1 status=401 duration=1ms ua="Mozilla/5.0 (Windows NT 10.0; Win64; x64) AppleWeb..." 错误响应
2026-06-13 19:06:01.140 [http-nio-8080-exec-10] INFO  c.f.filter.ApiAccessAuditFilter - [API-AUDIT] rid=87 method=GET path=/api/monitor/list ip=0:0:0:0:0:0:0:1 status=401 duration=6ms ua="Mozilla/5.0 (Windows NT 10.0; Win64; x64) AppleWeb..." 错误响应
2026-06-13 19:06:01.162 [http-nio-8080-exec-1] WARN  com.flowcontrol.util.JwtUtil - Token已过期: JWT expired at 2026-06-13T09:11:47Z. Current time: 2026-06-13T11:06:01Z, a difference of 6854162 milliseconds.  Allowed clock skew: 0 milliseconds.
2026-06-13 19:06:01.162 [http-nio-8080-exec-1] INFO  c.f.filter.ApiAccessAuditFilter - [API-AUDIT] rid=92 method=GET path=/api/monitor/trend ip=0:0:0:0:0:0:0:1 status=401 duration=0ms ua="Mozilla/5.0 (Windows NT 10.0; Win64; x64) AppleWeb..." 错误响应
2026-06-13 19:06:01.162 [http-nio-8080-exec-1] INFO  c.f.filter.ApiAccessAuditFilter - [API-AUDIT] rid=91 method=GET path=/api/monitor/trend ip=0:0:0:0:0:0:0:1 status=401 duration=4ms ua="Mozilla/5.0 (Windows NT 10.0; Win64; x64) AppleWeb..." 错误响应
2026-06-13 19:06:01.181 [http-nio-8080-exec-4] ERROR c.f.exception.GlobalExceptionHandler - 系统异常（未处理）
java.lang.ClassCastException: java.lang.String cannot be cast to com.flowcontrol.entity.SysUser
	at com.flowcontrol.controller.AuthController.getCurrentSysUser(AuthController.java:212)
	at com.flowcontrol.controller.AuthController.getCurrentUser(AuthController.java:148)
	at sun.reflect.NativeMethodAccessorImpl.invoke0(Native Method)
	at sun.reflect.NativeMethodAccessorImpl.invoke(NativeMethodAccessorImpl.java:62)
	at sun.reflect.DelegatingMethodAccessorImpl.invoke(DelegatingMethodAccessorImpl.java:43)
	at java.lang.reflect.Method.invoke(Method.java:498)
	at org.springframework.web.method.support.InvocableHandlerMethod.doInvoke(InvocableHandlerMethod.java:205)
	at org.springframework.web.method.support.InvocableHandlerMethod.invokeForRequest(InvocableHandlerMethod.java:150)
	at org.springframework.web.servlet.mvc.method.annotation.ServletInvocableHandlerMethod.invokeAndHandle(ServletInvocableHandlerMethod.java:117)
	at org.springframework.web.servlet.mvc.method.annotation.RequestMappingHandlerAdapter.invokeHandlerMethod(RequestMappingHandlerAdapter.java:895)
	at org.springframework.web.servlet.mvc.method.annotation.RequestMappingHandlerAdapter.handleInternal(RequestMappingHandlerAdapter.java:808)
	at org.springframework.web.servlet.mvc.method.AbstractHandlerMethodAdapter.handle(AbstractHandlerMethodAdapter.java:87)
	at org.springframework.web.servlet.DispatcherServlet.doDispatch(DispatcherServlet.java:1072)
	at org.springframework.web.servlet.DispatcherServlet.doService(DispatcherServlet.java:965)
	at org.springframework.web.servlet.FrameworkServlet.processRequest(FrameworkServlet.java:1006)
	at org.springframework.web.servlet.FrameworkServlet.doGet(FrameworkServlet.java:898)
	at javax.servlet.http.HttpServlet.service(HttpServlet.java:529)
	at org.springframework.web.servlet.FrameworkServlet.service(FrameworkServlet.java:883)
	at javax.servlet.http.HttpServlet.service(HttpServlet.java:623)
	at org.apache.catalina.core.ApplicationFilterChain.internalDoFilter(ApplicationFilterChain.java:209)
	at org.apache.catalina.core.ApplicationFilterChain.doFilter(ApplicationFilterChain.java:153)
	at org.apache.tomcat.websocket.server.WsFilter.doFilter(WsFilter.java:51)
	at org.apache.catalina.core.ApplicationFilterChain.internalDoFilter(ApplicationFilterChain.java:178)
	at org.apache.catalina.core.ApplicationFilterChain.doFilter(ApplicationFilterChain.java:153)
	at com.flowcontrol.filter.LoginRateLimitFilter.doFilter(LoginRateLimitFilter.java:49)
	at org.apache.catalina.core.ApplicationFilterChain.internalDoFilter(ApplicationFilterChain.java:178)
	at org.apache.catalina.core.ApplicationFilterChain.doFilter(ApplicationFilterChain.java:153)
	at org.springframework.web.filter.OncePerRequestFilter.doFilter(OncePerRequestFilter.java:111)
	at org.apache.catalina.core.ApplicationFilterChain.internalDoFilter(ApplicationFilterChain.java:178)
	at org.apache.catalina.core.ApplicationFilterChain.doFilter(ApplicationFilterChain.java:153)
	at org.springframework.security.web.FilterChainProxy$VirtualFilterChain.doFilter(FilterChainProxy.java:337)
	at org.springframework.security.web.access.intercept.AuthorizationFilter.doFilter(AuthorizationFilter.java:96)
	at org.springframework.security.web.FilterChainProxy$VirtualFilterChain.doFilter(FilterChainProxy.java:346)
	at org.springframework.security.web.access.ExceptionTranslationFilter.doFilter(ExceptionTranslationFilter.java:122)
	at org.springframework.security.web.access.ExceptionTranslationFilter.doFilter(ExceptionTranslationFilter.java:116)
	at org.springframework.security.web.FilterChainProxy$VirtualFilterChain.doFilter(FilterChainProxy.java:346)
	at org.springframework.security.web.session.SessionManagementFilter.doFilter(SessionManagementFilter.java:126)
	at org.springframework.security.web.session.SessionManagementFilter.doFilter(SessionManagementFilter.java:81)
	at org.springframework.security.web.FilterChainProxy$VirtualFilterChain.doFilter(FilterChainProxy.java:346)
	at org.springframework.security.web.authentication.AnonymousAuthenticationFilter.doFilter(AnonymousAuthenticationFilter.java:109)
	at org.springframework.security.web.FilterChainProxy$VirtualFilterChain.doFilter(FilterChainProxy.java:346)
	at org.springframework.security.web.servletapi.SecurityContextHolderAwareRequestFilter.doFilter(SecurityContextHolderAwareRequestFilter.java:149)
	at org.springframework.security.web.FilterChainProxy$VirtualFilterChain.doFilter(FilterChainProxy.java:346)
	at org.springframework.security.web.savedrequest.RequestCacheAwareFilter.doFilter(RequestCacheAwareFilter.java:63)
	at org.springframework.security.web.FilterChainProxy$VirtualFilterChain.doFilter(FilterChainProxy.java:346)
	at com.flowcontrol.filter.ApiAccessAuditFilter.doFilter(ApiAccessAuditFilter.java:80)
	at org.springframework.security.web.FilterChainProxy$VirtualFilterChain.doFilter(FilterChainProxy.java:346)
	at com.flowcontrol.filter.JwtAuthFilter.doFilterInternal(JwtAuthFilter.java:87)
	at org.springframework.web.filter.OncePerRequestFilter.doFilter(OncePerRequestFilter.java:117)
	at org.springframework.security.web.FilterChainProxy$VirtualFilterChain.doFilter(FilterChainProxy.java:346)
	at com.flowcontrol.filter.LoginRateLimitFilter.doFilter(LoginRateLimitFilter.java:49)
	at org.springframework.security.web.FilterChainProxy$VirtualFilterChain.doFilter(FilterChainProxy.java:346)
	at com.flowcontrol.filter.SecurityHeadersFilter.doFilter(SecurityHeadersFilter.java:42)
	at org.springframework.security.web.FilterChainProxy$VirtualFilterChain.doFilter(FilterChainProxy.java:346)
	at org.springframework.web.filter.CharacterEncodingFilter.doFilterInternal(CharacterEncodingFilter.java:201)
	at org.springframework.web.filter.OncePerRequestFilter.doFilter(OncePerRequestFilter.java:117)
	at org.springframework.security.web.FilterChainProxy$VirtualFilterChain.doFilter(FilterChainProxy.java:346)
	at org.springframework.security.web.authentication.logout.LogoutFilter.doFilter(LogoutFilter.java:103)
	at org.springframework.security.web.authentication.logout.LogoutFilter.doFilter(LogoutFilter.java:89)
	at org.springframework.security.web.FilterChainProxy$VirtualFilterChain.doFilter(FilterChainProxy.java:346)
	at org.springframework.security.web.header.HeaderWriterFilter.doHeadersAfter(HeaderWriterFilter.java:90)
	at org.springframework.security.web.header.HeaderWriterFilter.doFilterInternal(HeaderWriterFilter.java:75)
	at org.springframework.web.filter.OncePerRequestFilter.doFilter(OncePerRequestFilter.java:117)
	at org.springframework.security.web.FilterChainProxy$VirtualFilterChain.doFilter(FilterChainProxy.java:346)
	at org.springframework.security.web.context.SecurityContextPersistenceFilter.doFilter(SecurityContextPersistenceFilter.java:112)
	at org.springframework.security.web.context.SecurityContextPersistenceFilter.doFilter(SecurityContextPersistenceFilter.java:82)
	at org.springframework.security.web.FilterChainProxy$VirtualFilterChain.doFilter(FilterChainProxy.java:346)
	at org.springframework.security.web.context.request.async.WebAsyncManagerIntegrationFilter.doFilterInternal(WebAsyncManagerIntegrationFilter.java:55)
	at org.springframework.web.filter.OncePerRequestFilter.doFilter(OncePerRequestFilter.java:117)
	at org.springframework.security.web.FilterChainProxy$VirtualFilterChain.doFilter(FilterChainProxy.java:346)
	at org.springframework.security.web.session.DisableEncodeUrlFilter.doFilterInternal(DisableEncodeUrlFilter.java:42)
	at org.springframework.web.filter.OncePerRequestFilter.doFilter(OncePerRequestFilter.java:117)
	at org.springframework.security.web.FilterChainProxy$VirtualFilterChain.doFilter(FilterChainProxy.java:346)
	at org.springframework.security.web.FilterChainProxy.doFilterInternal(FilterChainProxy.java:221)
	at org.springframework.security.web.FilterChainProxy.doFilter(FilterChainProxy.java:186)
	at org.springframework.web.filter.DelegatingFilterProxy.invokeDelegate(DelegatingFilterProxy.java:354)
	at org.springframework.web.filter.DelegatingFilterProxy.doFilter(DelegatingFilterProxy.java:267)
	at org.apache.catalina.core.ApplicationFilterChain.internalDoFilter(ApplicationFilterChain.java:178)
	at org.apache.catalina.core.ApplicationFilterChain.doFilter(ApplicationFilterChain.java:153)
	at org.springframework.web.filter.RequestContextFilter.doFilterInternal(RequestContextFilter.java:100)
	at org.springframework.web.filter.OncePerRequestFilter.doFilter(OncePerRequestFilter.java:117)
	at org.apache.catalina.core.ApplicationFilterChain.internalDoFilter(ApplicationFilterChain.java:178)
	at org.apache.catalina.core.ApplicationFilterChain.doFilter(ApplicationFilterChain.java:153)
	at org.springframework.web.filter.FormContentFilter.doFilterInternal(FormContentFilter.java:93)
	at org.springframework.web.filter.OncePerRequestFilter.doFilter(OncePerRequestFilter.java:117)
	at org.apache.catalina.core.ApplicationFilterChain.internalDoFilter(ApplicationFilterChain.java:178)
	at org.apache.catalina.core.ApplicationFilterChain.doFilter(ApplicationFilterChain.java:153)
	at com.flowcontrol.filter.ApiAccessAuditFilter.doFilter(ApiAccessAuditFilter.java:80)
	at org.apache.catalina.core.ApplicationFilterChain.internalDoFilter(ApplicationFilterChain.java:178)
	at org.apache.catalina.core.ApplicationFilterChain.doFilter(ApplicationFilterChain.java:153)
	at org.springframework.boot.actuate.metrics.web.servlet.WebMvcMetricsFilter.doFilterInternal(WebMvcMetricsFilter.java:96)
	at org.springframework.web.filter.OncePerRequestFilter.doFilter(OncePerRequestFilter.java:117)
	at org.apache.catalina.core.ApplicationFilterChain.internalDoFilter(ApplicationFilterChain.java:178)
	at org.apache.catalina.core.ApplicationFilterChain.doFilter(ApplicationFilterChain.java:153)
	at org.springframework.web.filter.CharacterEncodingFilter.doFilterInternal(CharacterEncodingFilter.java:201)
	at org.springframework.web.filter.OncePerRequestFilter.doFilter(OncePerRequestFilter.java:117)
	at org.apache.catalina.core.ApplicationFilterChain.internalDoFilter(ApplicationFilterChain.java:178)
	at org.apache.catalina.core.ApplicationFilterChain.doFilter(ApplicationFilterChain.java:153)
	at com.flowcontrol.filter.SecurityHeadersFilter.doFilter(SecurityHeadersFilter.java:42)
	at org.apache.catalina.core.ApplicationFilterChain.internalDoFilter(ApplicationFilterChain.java:178)
	at org.apache.catalina.core.ApplicationFilterChain.doFilter(ApplicationFilterChain.java:153)
	at org.apache.catalina.core.StandardWrapperValve.invoke(StandardWrapperValve.java:168)
	at org.apache.catalina.core.StandardContextValve.invoke(StandardContextValve.java:90)
	at org.apache.catalina.authenticator.AuthenticatorBase.invoke(AuthenticatorBase.java:481)
	at org.apache.catalina.core.StandardHostValve.invoke(StandardHostValve.java:130)
	at org.apache.catalina.valves.ErrorReportValve.invoke(ErrorReportValve.java:93)
	at org.apache.catalina.core.StandardEngineValve.invoke(StandardEngineValve.java:74)
	at org.apache.catalina.connector.CoyoteAdapter.service(CoyoteAdapter.java:342)
	at org.apache.coyote.http11.Http11Processor.service(Http11Processor.java:390)
	at org.apache.coyote.AbstractProcessorLight.process(AbstractProcessorLight.java:63)
	at org.apache.coyote.AbstractProtocol$ConnectionHandler.process(AbstractProtocol.java:928)
	at org.apache.tomcat.util.net.NioEndpoint$SocketProcessor.doRun(NioEndpoint.java:1794)
	at org.apache.tomcat.util.net.SocketProcessorBase.run(SocketProcessorBase.java:52)
	at org.apache.tomcat.util.threads.ThreadPoolExecutor.runWorker(ThreadPoolExecutor.java:1191)
	at org.apache.tomcat.util.threads.ThreadPoolExecutor$Worker.run(ThreadPoolExecutor.java:659)
	at org.apache.tomcat.util.threads.TaskThread$WrappingRunnable.run(TaskThread.java:61)
	at java.lang.Thread.run(Thread.java:748)
2026-06-13 19:06:01.193 [http-nio-8080-exec-4] INFO  c.f.filter.ApiAccessAuditFilter - [API-AUDIT] rid=89 method=GET path=/api/auth/current ip=0:0:0:0:0:0:0:1 status=500 duration=54ms ua="Mozilla/5.0 (Windows NT 10.0; Win64; x64) AppleWeb..." 错误响应
2026-06-13 19:06:01.193 [http-nio-8080-exec-4] INFO  c.f.filter.ApiAccessAuditFilter - [API-AUDIT] rid=86 method=GET path=/api/auth/current ip=0:0:0:0:0:0:0:1 status=500 duration=59ms ua="Mozilla/5.0 (Windows NT 10.0; Win64; x64) AppleWeb..." 错误响应
2026-06-13 19:06:01.198 [http-nio-8080-exec-8] DEBUG org.hibernate.SQL - 
    /* SELECT
        a 
    FROM
        Announcement a 
    WHERE
        a.status = 'PUBLISHED' 
        AND (
            a.expireTime IS NULL 
            OR a.expireTime > :now
        ) 
    ORDER BY
        a.priority DESC,
        a.publishTime DESC */ select
            announceme0_.id as id1_0_,
            announceme0_.create_time as create_t2_0_,
            announceme0_.update_time as update_t3_0_,
            announceme0_.content as content4_0_,
            announceme0_.create_user_id as create_u5_0_,
            announceme0_.expire_time as expire_t6_0_,
            announceme0_.priority as priority7_0_,
            announceme0_.publish_time as publish_8_0_,
            announceme0_.publisher as publishe9_0_,
            announceme0_.status as status10_0_,
            announceme0_.summary as summary11_0_,
            announceme0_.title as title12_0_,
            announceme0_.view_count as view_co13_0_ 
        from
            announcement announceme0_ 
        where
            announceme0_.status='PUBLISHED' 
            and (
                announceme0_.expire_time is null 
                or announceme0_.expire_time>?
            ) 
        order by
            announceme0_.priority DESC,
            announceme0_.publish_time DESC limit ?
2026-06-13 19:06:01.205 [http-nio-8080-exec-8] TRACE o.h.type.descriptor.sql.BasicBinder - binding parameter [1] as [TIMESTAMP] - [2026-06-13T19:06:01.168]
2026-06-13 19:06:01.566 [http-nio-8080-exec-2] WARN  com.flowcontrol.util.JwtUtil - Token已过期: JWT expired at 2026-06-13T09:11:47Z. Current time: 2026-06-13T11:06:01Z, a difference of 6854565 milliseconds.  Allowed clock skew: 0 milliseconds.
2026-06-13 19:06:01.566 [http-nio-8080-exec-6] WARN  com.flowcontrol.util.JwtUtil - Token已过期: JWT expired at 2026-06-13T09:11:47Z. Current time: 2026-06-13T11:06:01Z, a difference of 6854565 milliseconds.  Allowed clock skew: 0 milliseconds.
2026-06-13 19:06:01.566 [http-nio-8080-exec-6] INFO  c.f.filter.ApiAccessAuditFilter - [API-AUDIT] rid=96 method=GET path=/api/monitor/trend ip=0:0:0:0:0:0:0:1 status=401 duration=0ms ua="Mozilla/5.0 (Windows NT 10.0; Win64; x64) AppleWeb..." 错误响应
2026-06-13 19:06:01.566 [http-nio-8080-exec-6] INFO  c.f.filter.ApiAccessAuditFilter - [API-AUDIT] rid=94 method=GET path=/api/monitor/trend ip=0:0:0:0:0:0:0:1 status=401 duration=4ms ua="Mozilla/5.0 (Windows NT 10.0; Win64; x64) AppleWeb..." 错误响应
2026-06-13 19:06:01.567 [http-nio-8080-exec-2] INFO  c.f.filter.ApiAccessAuditFilter - [API-AUDIT] rid=95 method=GET path=/api/device/statistics ip=0:0:0:0:0:0:0:1 status=401 duration=0ms ua="Mozilla/5.0 (Windows NT 10.0; Win64; x64) AppleWeb..." 错误响应
2026-06-13 19:06:01.567 [http-nio-8080-exec-2] INFO  c.f.filter.ApiAccessAuditFilter - [API-AUDIT] rid=93 method=GET path=/api/device/statistics ip=0:0:0:0:0:0:0:1 status=401 duration=5ms ua="Mozilla/5.0 (Windows NT 10.0; Win64; x64) AppleWeb..." 错误响应
